Name,Class,,,,,,,,,,,,,,,,,,,,,,,,,,,,,,,,,,,,,,,,,,,,,,,,,,,,,,,,,,,,,,,,,,,,,,,,,,,,,,,,,,,,,,,,,,,,,,,,
SHERMAN,Youngster,P 209,P 210,P 211,P 212,P 213,P 214,P 215,P 216,P 217,P 218,P 219,P 220,P 221,P 222,P 223,P 224,P 225,P 226,P 227,P 228,P 229,P 230,P 231,P 232,P 233,P 234,P 235,P 236,P 237,P 238,P 239,P 240,P 241,P 242,P 243,P 244,P 245,P 246,P 247,P 248,P 249,P 250,P 251,P 252,P 253,P 254,P 255,P 256,P 257,P 258,P 259,P 260,P 261,P 262,P 263,P 264,P 265,P 266,P 267,P 268,P 269,P 270,P 271,P 272,P 273,P 274,P 275,P 276,P 277,P 278,P 279,P 280,P 281,P 282,P 283,P 284,P 285,P 286,P 287,P 288,P 289,P 290,P 291,P 292,P 293,P 294,P 295,P 296,,,,,,,,
SILL,Youngster,P 209,P 210,P 211,P 212,P 213,P 214,P 215,P 216,P 217,P 218,P 219,P 220,P 221,P 222,P 223,P 224,P 225,P 226,P 227,P 228,P 229,P 230,P 231,P 232,P 233,P 234,P 235,P 236,P 237,P 238,P 239,P 240,P 241,P 242,P 243,P 244,P 245,P 246,P 247,P 248,P 249,P 250,P 251,P 252,P 253,P 254,P 255,P 256,P 257,P 258,P 259,P 260,P 261,P 262,P 263,P 264,P 265,P 266,P 267,P 268,P 269,P 270,P 271,P 272,P 273,P 274,P 275,P 276,P 277,P 278,P 279,P 280,P 281,P 282,P 283,P 284,P 285,P 286,P 287,P 288,P 289,P 290,P 291,P 292,P 293,P 294,P 295,P 296,,,,,,,,
HUITRES,Lass,P 209,P 210,P 211,P 212,P 213,P 214,P 215,P 216,P 217,P 218,P 219,P 220,P 221,P 222,P 223,P 224,P 225,P 226,P 227,P 228,P 229,P 230,P 231,P 232,P 233,P 234,P 235,P 236,P 237,P 238,P 239,P 240,P 241,P 242,P 243,P 244,P 245,P 246,P 247,P 248,P 249,P 250,P 251,P 252,P 253,P 254,P 255,P 256,P 257,P 258,P 259,P 260,P 261,P 262,P 263,P 264,P 265,P 266,P 267,P 268,P 269,P 270,P 271,P 272,P 273,P 274,P 275,P 276,P 277,P 278,P 279,P 280,P 281,P 282,P 283,P 284,P 285,P 286,P 287,P 288,P 289,P 290,P 291,P 292,P 293,P 294,P 295,P 296,,,,,,,,
PAULINA,Lass,P 209,P 210,P 211,P 212,P 213,P 214,P 215,P 216,P 217,P 218,P 219,P 220,P 221,P 222,P 223,P 224,P 225,P 226,P 227,P 228,P 229,P 230,P 231,P 232,P 233,P 234,P 235,P 236,P 237,P 238,P 239,P 240,P 241,P 242,P 243,P 244,P 245,P 246,P 247,P 248,P 249,P 250,P 251,P 252,P 253,P 254,P 255,P 256,P 257,P 258,P 259,P 260,P 261,P 262,P 263,P 264,P 265,P 266,P 267,P 268,P 269,P 270,P 271,P 272,P 273,P 274,P 275,P 276,P 277,P 278,P 279,P 280,P 281,P 282,P 283,P 284,P 285,P 286,P 287,P 288,P 289,P 290,P 291,P 292,P 293,P 294,P 295,P 296,,,,,,,,
FRITZ,School Kid (M),P 209,P 210,P 211,P 212,P 213,P 214,P 215,P 216,P 217,P 218,P 219,P 220,P 221,P 222,P 223,P 224,P 225,P 226,P 227,P 228,P 229,P 230,P 231,P 232,P 233,P 234,P 235,P 236,P 237,P 238,P 239,P 240,P 241,P 242,P 243,P 244,P 245,P 246,P 247,P 248,P 249,P 250,P 251,P 252,P 253,P 254,P 255,P 256,P 257,P 258,P 259,P 260,P 261,P 262,P 263,P 264,P 265,P 266,P 267,P 268,P 269,P 270,P 271,P 272,P 273,P 274,P 275,P 276,P 277,P 278,P 279,P 280,P 281,P 282,P 283,P 284,P 285,P 286,P 287,P 288,P 289,P 290,P 291,P 292,P 293,P 294,P 295,P 296,,,,,,,,
LAYTON,School Kid (M),P 209,P 210,P 211,P 212,P 213,P 214,P 215,P 216,P 217,P 218,P 219,P 220,P 221,P 222,P 223,P 224,P 225,P 226,P 227,P 228,P 229,P 230,P 231,P 232,P 233,P 234,P 235,P 236,P 237,P 238,P 239,P 240,P 241,P 242,P 243,P 244,P 245,P 246,P 247,P 248,P 249,P 250,P 251,P 252,P 253,P 254,P 255,P 256,P 257,P 258,P 259,P 260,P 261,P 262,P 263,P 264,P 265,P 266,P 267,P 268,P 269,P 270,P 271,P 272,P 273,P 274,P 275,P 276,P 277,P 278,P 279,P 280,P 281,P 282,P 283,P 284,P 285,P 286,P 287,P 288,P 289,P 290,P 291,P 292,P 293,P 294,P 295,P 296,,,,,,,,
PERCY,School Kid (F),P 209,P 210,P 211,P 212,P 213,P 214,P 215,P 216,P 217,P 218,P 219,P 220,P 221,P 222,P 223,P 224,P 225,P 226,P 227,P 228,P 229,P 230,P 231,P 232,P 233,P 234,P 235,P 236,P 237,P 238,P 239,P 240,P 241,P 242,P 243,P 244,P 245,P 246,P 247,P 248,P 249,P 250,P 251,P 252,P 253,P 254,P 255,P 256,P 257,P 258,P 259,P 260,P 261,P 262,P 263,P 264,P 265,P 266,P 267,P 268,P 269,P 270,P 271,P 272,P 273,P 274,P 275,P 276,P 277,P 278,P 279,P 280,P 281,P 282,P 283,P 284,P 285,P 286,P 287,P 288,P 289,P 290,P 291,P 292,P 293,P 294,P 295,P 296,,,,,,,,
SCOUT,School Kid (F),P 209,P 210,P 211,P 212,P 213,P 214,P 215,P 216,P 217,P 218,P 219,P 220,P 221,P 222,P 223,P 224,P 225,P 226,P 227,P 228,P 229,P 230,P 231,P 232,P 233,P 234,P 235,P 236,P 237,P 238,P 239,P 240,P 241,P 242,P 243,P 244,P 245,P 246,P 247,P 248,P 249,P 250,P 251,P 252,P 253,P 254,P 255,P 256,P 257,P 258,P 259,P 260,P 261,P 262,P 263,P 264,P 265,P 266,P 267,P 268,P 269,P 270,P 271,P 272,P 273,P 274,P 275,P 276,P 277,P 278,P 279,P 280,P 281,P 282,P 283,P 284,P 285,P 286,P 287,P 288,P 289,P 290,P 291,P 292,P 293,P 294,P 295,P 296,,,,,,,,
BERTRAN,Rich Boy,P 209,P 210,P 211,P 212,P 213,P 214,P 215,P 216,P 217,P 218,P 219,P 220,P 221,P 222,P 223,P 224,P 225,P 226,P 227,P 228,P 229,P 230,P 231,P 232,P 233,P 234,P 235,P 236,P 237,P 238,P 239,P 240,P 241,P 242,P 243,P 244,P 245,P 246,P 247,P 248,P 249,P 250,P 251,P 252,P 253,P 254,P 255,P 256,P 257,P 258,P 259,P 260,P 261,P 262,P 263,P 264,P 265,P 266,P 267,P 268,P 269,P 270,P 271,P 272,P 273,P 274,P 275,P 276,P 277,P 278,P 279,P 280,P 281,P 282,P 283,P 284,P 285,P 286,P 287,P 288,P 289,P 290,P 291,P 292,P 293,P 294,P 295,P 296,,,,,,,,
TROY,Rich Boy,P 209,P 210,P 211,P 212,P 213,P 214,P 215,P 216,P 217,P 218,P 219,P 220,P 221,P 222,P 223,P 224,P 225,P 226,P 227,P 228,P 229,P 230,P 231,P 232,P 233,P 234,P 235,P 236,P 237,P 238,P 239,P 240,P 241,P 242,P 243,P 244,P 245,P 246,P 247,P 248,P 249,P 250,P 251,P 252,P 253,P 254,P 255,P 256,P 257,P 258,P 259,P 260,P 261,P 262,P 263,P 264,P 265,P 266,P 267,P 268,P 269,P 270,P 271,P 272,P 273,P 274,P 275,P 276,P 277,P 278,P 279,P 280,P 281,P 282,P 283,P 284,P 285,P 286,P 287,P 288,P 289,P 290,P 291,P 292,P 293,P 294,P 295,P 296,,,,,,,,
HUITRE,Lady,P 209,P 210,P 211,P 212,P 213,P 214,P 215,P 216,P 217,P 218,P 219,P 220,P 221,P 222,P 223,P 224,P 225,P 226,P 227,P 228,P 229,P 230,P 231,P 232,P 233,P 234,P 235,P 236,P 237,P 238,P 239,P 240,P 241,P 242,P 243,P 244,P 245,P 246,P 247,P 248,P 249,P 250,P 251,P 252,P 253,P 254,P 255,P 256,P 257,P 258,P 259,P 260,P 261,P 262,P 263,P 264,P 265,P 266,P 267,P 268,P 269,P 270,P 271,P 272,P 273,P 274,P 275,P 276,P 277,P 278,P 279,P 280,P 281,P 282,P 283,P 284,P 285,P 286,P 287,P 288,P 289,P 290,P 291,P 292,P 293,P 294,P 295,P 296,,,,,,,,
POISSON,Lady,P 209,P 210,P 211,P 212,P 213,P 214,P 215,P 216,P 217,P 218,P 219,P 220,P 221,P 222,P 223,P 224,P 225,P 226,P 227,P 228,P 229,P 230,P 231,P 232,P 233,P 234,P 235,P 236,P 237,P 238,P 239,P 240,P 241,P 242,P 243,P 244,P 245,P 246,P 247,P 248,P 249,P 250,P 251,P 252,P 253,P 254,P 255,P 256,P 257,P 258,P 259,P 260,P 261,P 262,P 263,P 264,P 265,P 266,P 267,P 268,P 269,P 270,P 271,P 272,P 273,P 274,P 275,P 276,P 277,P 278,P 279,P 280,P 281,P 282,P 283,P 284,P 285,P 286,P 287,P 288,P 289,P 290,P 291,P 292,P 293,P 294,P 295,P 296,,,,,,,,
BETTY,Preschooler (F),P 209,P 210,P 211,P 212,P 213,P 214,P 215,P 216,P 217,P 218,P 219,P 220,P 221,P 222,P 223,P 224,P 225,P 226,P 227,P 228,P 229,P 230,P 231,P 232,P 233,P 234,P 235,P 236,P 237,P 238,P 239,P 240,P 241,P 242,P 243,P 244,P 245,P 246,P 247,P 248,P 249,P 250,P 251,P 252,P 253,P 254,P 255,P 256,P 257,P 258,P 259,P 260,P 261,P 262,P 263,P 264,P 265,P 266,P 267,P 268,P 269,P 270,P 271,P 272,P 273,P 274,P 275,P 276,P 277,P 278,P 279,P 280,P 281,P 282,P 283,P 284,P 285,P 286,P 287,P 288,P 289,P 290,P 291,P 292,P 293,P 294,P 295,P 296,,,,,,,,
HELEN,Preschooler (F),P 209,P 210,P 211,P 212,P 213,P 214,P 215,P 216,P 217,P 218,P 219,P 220,P 221,P 222,P 223,P 224,P 225,P 226,P 227,P 228,P 229,P 230,P 231,P 232,P 233,P 234,P 235,P 236,P 237,P 238,P 239,P 240,P 241,P 242,P 243,P 244,P 245,P 246,P 247,P 248,P 249,P 250,P 251,P 252,P 253,P 254,P 255,P 256,P 257,P 258,P 259,P 260,P 261,P 262,P 263,P 264,P 265,P 266,P 267,P 268,P 269,P 270,P 271,P 272,P 273,P 274,P 275,P 276,P 277,P 278,P 279,P 280,P 281,P 282,P 283,P 284,P 285,P 286,P 287,P 288,P 289,P 290,P 291,P 292,P 293,P 294,P 295,P 296,,,,,,,,
USEF,Preschooler (M),P 209,P 210,P 211,P 212,P 213,P 214,P 215,P 216,P 217,P 218,P 219,P 220,P 221,P 222,P 223,P 224,P 225,P 226,P 227,P 228,P 229,P 230,P 231,P 232,P 233,P 234,P 235,P 236,P 237,P 238,P 239,P 240,P 241,P 242,P 243,P 244,P 245,P 246,P 247,P 248,P 249,P 250,P 251,P 252,P 253,P 254,P 255,P 256,P 257,P 258,P 259,P 260,P 261,P 262,P 263,P 264,P 265,P 266,P 267,P 268,P 269,P 270,P 271,P 272,P 273,P 274,P 275,P 276,P 277,P 278,P 279,P 280,P 281,P 282,P 283,P 284,P 285,P 286,P 287,P 288,P 289,P 290,P 291,P 292,P 293,P 294,P 295,P 296,,,,,,,,
ZAID,Preschooler (M),P 209,P 210,P 211,P 212,P 213,P 214,P 215,P 216,P 217,P 218,P 219,P 220,P 221,P 222,P 223,P 224,P 225,P 226,P 227,P 228,P 229,P 230,P 231,P 232,P 233,P 234,P 235,P 236,P 237,P 238,P 239,P 240,P 241,P 242,P 243,P 244,P 245,P 246,P 247,P 248,P 249,P 250,P 251,P 252,P 253,P 254,P 255,P 256,P 257,P 258,P 259,P 260,P 261,P 262,P 263,P 264,P 265,P 266,P 267,P 268,P 269,P 270,P 271,P 272,P 273,P 274,P 275,P 276,P 277,P 278,P 279,P 280,P 281,P 282,P 283,P 284,P 285,P 286,P 287,P 288,P 289,P 290,P 291,P 292,P 293,P 294,P 295,P 296,,,,,,,,
MABON,Backpacker (M),P 209,P 210,P 211,P 212,P 213,P 214,P 215,P 216,P 217,P 218,P 219,P 220,P 221,P 222,P 223,P 224,P 225,P 226,P 227,P 228,P 229,P 230,P 231,P 232,P 233,P 234,P 235,P 236,P 237,P 238,P 239,P 240,P 241,P 242,P 243,P 244,P 245,P 246,P 247,P 248,P 249,P 250,P 251,P 252,P 253,P 254,P 255,P 256,P 257,P 258,P 259,P 260,P 261,P 262,P 263,P 264,P 265,P 266,P 267,P 268,P 269,P 270,P 271,P 272,P 273,P 274,P 275,P 276,P 277,P 278,P 279,P 280,P 281,P 282,P 283,P 284,P 285,P 286,P 287,P 288,P 289,P 290,P 291,P 292,P 293,P 294,P 295,P 296,,,,,,,,
SHAMUS,Backpacker (M),P 209,P 210,P 211,P 212,P 213,P 214,P 215,P 216,P 217,P 218,P 219,P 220,P 221,P 222,P 223,P 224,P 225,P 226,P 227,P 228,P 229,P 230,P 231,P 232,P 233,P 234,P 235,P 236,P 237,P 238,P 239,P 240,P 241,P 242,P 243,P 244,P 245,P 246,P 247,P 248,P 249,P 250,P 251,P 252,P 253,P 254,P 255,P 256,P 257,P 258,P 259,P 260,P 261,P 262,P 263,P 264,P 265,P 266,P 267,P 268,P 269,P 270,P 271,P 272,P 273,P 274,P 275,P 276,P 277,P 278,P 279,P 280,P 281,P 282,P 283,P 284,P 285,P 286,P 287,P 288,P 289,P 290,P 291,P 292,P 293,P 294,P 295,P 296,,,,,,,,
POLINA,Backpacker (F),P 209,P 210,P 211,P 212,P 213,P 214,P 215,P 216,P 217,P 218,P 219,P 220,P 221,P 222,P 223,P 224,P 225,P 226,P 227,P 228,P 229,P 230,P 231,P 232,P 233,P 234,P 235,P 236,P 237,P 238,P 239,P 240,P 241,P 242,P 243,P 244,P 245,P 246,P 247,P 248,P 249,P 250,P 251,P 252,P 253,P 254,P 255,P 256,P 257,P 258,P 259,P 260,P 261,P 262,P 263,P 264,P 265,P 266,P 267,P 268,P 269,P 270,P 271,P 272,P 273,P 274,P 275,P 276,P 277,P 278,P 279,P 280,P 281,P 282,P 283,P 284,P 285,P 286,P 287,P 288,P 289,P 290,P 291,P 292,P 293,P 294,P 295,P 296,,,,,,,,
ZLATA,Backpacker (F),P 209,P 210,P 211,P 212,P 213,P 214,P 215,P 216,P 217,P 218,P 219,P 220,P 221,P 222,P 223,P 224,P 225,P 226,P 227,P 228,P 229,P 230,P 231,P 232,P 233,P 234,P 235,P 236,P 237,P 238,P 239,P 240,P 241,P 242,P 243,P 244,P 245,P 246,P 247,P 248,P 249,P 250,P 251,P 252,P 253,P 254,P 255,P 256,P 257,P 258,P 259,P 260,P 261,P 262,P 263,P 264,P 265,P 266,P 267,P 268,P 269,P 270,P 271,P 272,P 273,P 274,P 275,P 276,P 277,P 278,P 279,P 280,P 281,P 282,P 283,P 284,P 285,P 286,P 287,P 288,P 289,P 290,P 291,P 292,P 293,P 294,P 295,P 296,,,,,,,,
KARSTON,Waiter,P 297,P 298,P 299,P 300,P 301,P 302,P 303,P 304,P 305,P 306,P 307,P 308,P 309,P 310,P 311,P 312,P 313,P 314,P 315,P 316,P 317,P 318,P 319,P 320,P 321,P 322,P 323,P 324,P 325,P 326,P 327,P 328,P 329,P 330,P 331,P 332,P 333,P 334,P 335,P 336,P 337,P 338,P 339,P 340,P 341,P 342,P 343,P 344,P 345,P 346,P 347,P 348,P 349,P 350,P 351,P 352,P 353,P 354,P 355,P 356,P 357,P 358,P 359,P 360,P 361,P 362,P 363,P 364,P 365,P 366,P 367,P 368,P 369,P 370,P 371,P 372,P 373,P 374,P 375,P 376,P 377,P 378,P 379,P 380,P 381,P 382,P 383,,,,,,,,,
LENNART,Waiter,P 297,P 298,P 299,P 300,P 301,P 302,P 303,P 304,P 305,P 306,P 307,P 308,P 309,P 310,P 311,P 312,P 313,P 314,P 315,P 316,P 317,P 318,P 319,P 320,P 321,P 322,P 323,P 324,P 325,P 326,P 327,P 328,P 329,P 330,P 331,P 332,P 333,P 334,P 335,P 336,P 337,P 338,P 339,P 340,P 341,P 342,P 343,P 344,P 345,P 346,P 347,P 348,P 349,P 350,P 351,P 352,P 353,P 354,P 355,P 356,P 357,P 358,P 359,P 360,P 361,P 362,P 363,P 364,P 365,P 366,P 367,P 368,P 369,P 370,P 371,P 372,P 373,P 374,P 375,P 376,P 377,P 378,P 379,P 380,P 381,P 382,P 383,,,,,,,,,
IKAORA,Waitress,P 297,P 298,P 299,P 300,P 301,P 302,P 303,P 304,P 305,P 306,P 307,P 308,P 309,P 310,P 311,P 312,P 313,P 314,P 315,P 316,P 317,P 318,P 319,P 320,P 321,P 322,P 323,P 324,P 325,P 326,P 327,P 328,P 329,P 330,P 331,P 332,P 333,P 334,P 335,P 336,P 337,P 338,P 339,P 340,P 341,P 342,P 343,P 344,P 345,P 346,P 347,P 348,P 349,P 350,P 351,P 352,P 353,P 354,P 355,P 356,P 357,P 358,P 359,P 360,P 361,P 362,P 363,P 364,P 365,P 366,P 367,P 368,P 369,P 370,P 371,P 372,P 373,P 374,P 375,P 376,P 377,P 378,P 379,P 380,P 381,P 382,P 383,,,,,,,,,
MEENA,Waitress,P 297,P 298,P 299,P 300,P 301,P 302,P 303,P 304,P 305,P 306,P 307,P 308,P 309,P 310,P 311,P 312,P 313,P 314,P 315,P 316,P 317,P 318,P 319,P 320,P 321,P 322,P 323,P 324,P 325,P 326,P 327,P 328,P 329,P 330,P 331,P 332,P 333,P 334,P 335,P 336,P 337,P 338,P 339,P 340,P 341,P 342,P 343,P 344,P 345,P 346,P 347,P 348,P 349,P 350,P 351,P 352,P 353,P 354,P 355,P 356,P 357,P 358,P 359,P 360,P 361,P 362,P 363,P 364,P 365,P 366,P 367,P 368,P 369,P 370,P 371,P 372,P 373,P 374,P 375,P 376,P 377,P 378,P 379,P 380,P 381,P 382,P 383,,,,,,,,,
FILIPPE,Pokemonfan (M),P 297,P 298,P 299,P 300,P 301,P 302,P 303,P 304,P 305,P 306,P 307,P 308,P 309,P 310,P 311,P 312,P 313,P 314,P 315,P 316,P 317,P 318,P 319,P 320,P 321,P 322,P 323,P 324,P 325,P 326,P 327,P 328,P 329,P 330,P 331,P 332,P 333,P 334,P 335,P 336,P 337,P 338,P 339,P 340,P 341,P 342,P 343,P 344,P 345,P 346,P 347,P 348,P 349,P 350,P 351,P 352,P 353,P 354,P 355,P 356,P 357,P 358,P 359,P 360,P 361,P 362,P 363,P 364,P 365,P 366,P 367,P 368,P 369,P 370,P 371,P 372,P 373,P 374,P 375,P 376,P 377,P 378,P 379,P 380,P 381,P 382,P 383,,,,,,,,,
SERGIO,Pokemonfan (M),P 297,P 298,P 299,P 300,P 301,P 302,P 303,P 304,P 305,P 306,P 307,P 308,P 309,P 310,P 311,P 312,P 313,P 314,P 315,P 316,P 317,P 318,P 319,P 320,P 321,P 322,P 323,P 324,P 325,P 326,P 327,P 328,P 329,P 330,P 331,P 332,P 333,P 334,P 335,P 336,P 337,P 338,P 339,P 340,P 341,P 342,P 343,P 344,P 345,P 346,P 347,P 348,P 349,P 350,P 351,P 352,P 353,P 354,P 355,P 356,P 357,P 358,P 359,P 360,P 361,P 362,P 363,P 364,P 365,P 366,P 367,P 368,P 369,P 370,P 371,P 372,P 373,P 374,P 375,P 376,P 377,P 378,P 379,P 380,P 381,P 382,P 383,,,,,,,,,
BIIJAL,Pokemonfan (F),P 297,P 298,P 299,P 300,P 301,P 302,P 303,P 304,P 305,P 306,P 307,P 308,P 309,P 310,P 311,P 312,P 313,P 314,P 315,P 316,P 317,P 318,P 319,P 320,P 321,P 322,P 323,P 324,P 325,P 326,P 327,P 328,P 329,P 330,P 331,P 332,P 333,P 334,P 335,P 336,P 337,P 338,P 339,P 340,P 341,P 342,P 343,P 344,P 345,P 346,P 347,P 348,P 349,P 350,P 351,P 352,P 353,P 354,P 355,P 356,P 357,P 358,P 359,P 360,P 361,P 362,P 363,P 364,P 365,P 366,P 367,P 368,P 369,P 370,P 371,P 372,P 373,P 374,P 375,P 376,P 377,P 378,P 379,P 380,P 381,P 382,P 383,,,,,,,,,
MERYL,Pokemonfan (F),P 297,P 298,P 299,P 300,P 301,P 302,P 303,P 304,P 305,P 306,P 307,P 308,P 309,P 310,P 311,P 312,P 313,P 314,P 315,P 316,P 317,P 318,P 319,P 320,P 321,P 322,P 323,P 324,P 325,P 326,P 327,P 328,P 329,P 330,P 331,P 332,P 333,P 334,P 335,P 336,P 337,P 338,P 339,P 340,P 341,P 342,P 343,P 344,P 345,P 346,P 347,P 348,P 349,P 350,P 351,P 352,P 353,P 354,P 355,P 356,P 357,P 358,P 359,P 360,P 361,P 362,P 363,P 364,P 365,P 366,P 367,P 368,P 369,P 370,P 371,P 372,P 373,P 374,P 375,P 376,P 377,P 378,P 379,P 380,P 381,P 382,P 383,,,,,,,,,
GLEN,Hiker,P 217,P 218,P 224,P 225,P 227,P 236,P 243,P 260,P 262,P 282,P 283,P 284,P 285,P 286,P 287,P 290,P 295,P 307,P 309,P 315,P 318,P 320,P 321,P 322,P 324,P 329,P 337,P 348,P 349,P 354,P 356,P 360,P 376,P 378,P 381,,,,,,,,,,,,,,,,,,,,,,,,,,,,,,,,,,,,,,,,,,,,,,,,,,,,,,,,,,,,,
TAPIOCA,Hiker,P 217,P 218,P 224,P 225,P 227,P 236,P 243,P 260,P 262,P 282,P 283,P 284,P 285,P 286,P 287,P 290,P 295,P 307,P 309,P 315,P 318,P 320,P 321,P 322,P 324,P 329,P 337,P 348,P 349,P 354,P 356,P 360,P 376,P 378,P 381,,,,,,,,,,,,,,,,,,,,,,,,,,,,,,,,,,,,,,,,,,,,,,,,,,,,,,,,,,,,,
DUNCAN,Fisherman,P 211,P 214,P 217,P 220,P 223,P 227,P 231,P 236,P 240,P 243,P 251,P 263,P 274,P 288,P 290,P 295,P 296,P 301,P 308,P 328,P 336,P 340,P 355,P 357,P 363,P 365,P 367,P 369,,,,,,,,,,,,,,,,,,,,,,,,,,,,,,,,,,,,,,,,,,,,,,,,,,,,,,,,,,,,,,,,,,,,
MORGAN,Fisherman,P 211,P 214,P 217,P 220,P 223,P 227,P 231,P 236,P 240,P 243,P 251,P 263,P 274,P 288,P 290,P 295,P 296,P 301,P 308,P 328,P 336,P 340,P 355,P 357,P 363,P 365,P 367,P 369,,,,,,,,,,,,,,,,,,,,,,,,,,,,,,,,,,,,,,,,,,,,,,,,,,,,,,,,,,,,,,,,,,,,
COCOME,Parasol Lady,P 211,P 214,P 217,P 220,P 223,P 227,P 228,P 231,P 236,P 240,P 242,P 243,P 247,P 251,P 253,P 254,P 258,P 263,P 265,P 266,P 274,P 275,P 288,P 290,P 295,P 296,P 301,P 305,P 308,P 327,P 328,P 330,P 331,P 336,P 340,P 353,P 355,P 357,P 362,P 363,P 365,P 366,P 367,P 368,P 369,P 373,P 383,,,,,,,,,,,,,,,,,,,,,,,,,,,,,,,,,,,,,,,,,,,,,,,,,
NU,Parasol Lady,P 211,P 214,P 217,P 220,P 223,P 227,P 228,P 231,P 236,P 240,P 242,P 243,P 247,P 251,P 253,P 254,P 258,P 263,P 265,P 266,P 274,P 275,P 288,P 290,P 295,P 296,P 301,P 305,P 308,P 327,P 328,P 330,P 331,P 336,P 340,P 353,P 355,P 357,P 362,P 363,P 365,P 366,P 367,P 368,P 369,P 373,P 383,,,,,,,,,,,,,,,,,,,,,,,,,,,,,,,,,,,,,,,,,,,,,,,,,
POMODI,Parasol Lady,P 211,P 214,P 217,P 220,P 223,P 227,P 228,P 231,P 236,P 240,P 242,P 243,P 247,P 251,P 253,P 254,P 258,P 263,P 265,P 266,P 274,P 275,P 288,P 290,P 295,P 296,P 301,P 305,P 308,P 327,P 328,P 330,P 331,P 336,P 340,P 353,P 355,P 357,P 362,P 363,P 365,P 366,P 367,P 368,P 369,P 373,P 383,,,,,,,,,,,,,,,,,,,,,,,,,,,,,,,,,,,,,,,,,,,,,,,,,
CALON,Roughneck,P 216,P 219,P 222,P 226,P 232,P 235,P 237,P 244,P 245,P 246,P 252,P 267,P 271,P 277,P 280,P 296,P 304,P 306,P 311,P 314,P 317,P 319,P 321,P 323,P 325,P 326,P 334,P 344,P 347,P 351,P 378,,,,,,,,,,,,,,,,,,,,,,,,,,,,,,,,,,,,,,,,,,,,,,,,,,,,,,,,,,,,,,,,,
OBERON,Roughneck,P 216,P 219,P 222,P 226,P 232,P 235,P 237,P 244,P 245,P 246,P 252,P 267,P 271,P 277,P 280,P 296,P 304,P 306,P 311,P 314,P 317,P 319,P 321,P 323,P 325,P 326,P 334,P 344,P 347,P 351,P 378,,,,,,,,,,,,,,,,,,,,,,,,,,,,,,,,,,,,,,,,,,,,,,,,,,,,,,,,,,,,,,,,,
TRITON,Roughneck,P 216,P 219,P 222,P 226,P 232,P 235,P 237,P 244,P 245,P 246,P 252,P 267,P 271,P 277,P 280,P 296,P 304,P 306,P 311,P 314,P 317,P 319,P 321,P 323,P 325,P 326,P 334,P 344,P 347,P 351,P 378,,,,,,,,,,,,,,,,,,,,,,,,,,,,,,,,,,,,,,,,,,,,,,,,,,,,,,,,,,,,,,,,,
JACOB,Biker,P 235,P 244,P 252,P 255,P 259,P 260,P 267,P 271,P 280,P 289,P 294,P 299,P 306,P 311,P 317,P 321,P 323,P 325,P 326,P 339,P 344,P 350,P 378,,,,,,,,,,,,,,,,,,,,,,,,,,,,,,,,,,,,,,,,,,,,,,,,,,,,,,,,,,,,,,,,,,,,,,,,,
JOACHIM,Biker,P 235,P 244,P 252,P 255,P 259,P 260,P 267,P 271,P 280,P 289,P 294,P 299,P 306,P 311,P 317,P 321,P 323,P 325,P 326,P 339,P 344,P 350,P 378,,,,,,,,,,,,,,,,,,,,,,,,,,,,,,,,,,,,,,,,,,,,,,,,,,,,,,,,,,,,,,,,,,,,,,,,,
XAVIER,Biker,P 235,P 244,P 252,P 255,P 259,P 260,P 267,P 271,P 280,P 289,P 294,P 299,P 306,P 311,P 317,P 321,P 323,P 325,P 326,P 339,P 344,P 350,P 378,,,,,,,,,,,,,,,,,,,,,,,,,,,,,,,,,,,,,,,,,,,,,,,,,,,,,,,,,,,,,,,,,,,,,,,,,
CHELSIE,Baker,P 297,P 298,P 299,P 300,P 301,P 302,P 303,P 304,P 305,P 306,P 307,P 308,P 309,P 310,P 311,P 312,P 313,P 314,P 315,P 316,P 317,P 318,P 319,P 320,P 321,P 322,P 323,P 324,P 325,P 326,P 327,P 328,P 329,P 330,P 331,P 332,P 333,P 334,P 335,P 336,P 337,P 338,P 339,P 340,P 341,P 342,P 343,P 344,P 345,P 346,P 347,P 348,P 349,P 350,P 351,P 352,P 353,P 354,P 355,P 356,P 357,P 358,P 359,P 360,P 361,P 362,P 363,P 364,P 365,P 366,P 367,P 368,P 369,P 370,P 371,P 372,P 373,P 374,P 375,P 376,P 377,P 378,P 379,P 380,P 381,P 382,P 383,,,,,,,,,
COL,Baker,P 297,P 298,P 299,P 300,P 301,P 302,P 303,P 304,P 305,P 306,P 307,P 308,P 309,P 310,P 311,P 312,P 313,P 314,P 315,P 316,P 317,P 318,P 319,P 320,P 321,P 322,P 323,P 324,P 325,P 326,P 327,P 328,P 329,P 330,P 331,P 332,P 333,P 334,P 335,P 336,P 337,P 338,P 339,P 340,P 341,P 342,P 343,P 344,P 345,P 346,P 347,P 348,P 349,P 350,P 351,P 352,P 353,P 354,P 355,P 356,P 357,P 358,P 359,P 360,P 361,P 362,P 363,P 364,P 365,P 366,P 367,P 368,P 369,P 370,P 371,P 372,P 373,P 374,P 375,P 376,P 377,P 378,P 379,P 380,P 381,P 382,P 383,,,,,,,,,
MARIS,Baker,P 297,P 298,P 299,P 300,P 301,P 302,P 303,P 304,P 305,P 306,P 307,P 308,P 309,P 310,P 311,P 312,P 313,P 314,P 315,P 316,P 317,P 318,P 319,P 320,P 321,P 322,P 323,P 324,P 325,P 326,P 327,P 328,P 329,P 330,P 331,P 332,P 333,P 334,P 335,P 336,P 337,P 338,P 339,P 340,P 341,P 342,P 343,P 344,P 345,P 346,P 347,P 348,P 349,P 350,P 351,P 352,P 353,P 354,P 355,P 356,P 357,P 358,P 359,P 360,P 361,P 362,P 363,P 364,P 365,P 366,P 367,P 368,P 369,P 370,P 371,P 372,P 373,P 374,P 375,P 376,P 377,P 378,P 379,P 380,P 381,P 382,P 383,,,,,,,,,
BRANT,Harlequin,P 297,P 298,P 299,P 300,P 301,P 302,P 303,P 304,P 305,P 306,P 307,P 308,P 309,P 310,P 311,P 312,P 313,P 314,P 315,P 316,P 317,P 318,P 319,P 320,P 321,P 322,P 323,P 324,P 325,P 326,P 327,P 328,P 329,P 330,P 331,P 332,P 333,P 334,P 335,P 336,P 337,P 338,P 339,P 340,P 341,P 342,P 343,P 344,P 345,P 346,P 347,P 348,P 349,P 350,P 351,P 352,P 353,P 354,P 355,P 356,P 357,P 358,P 359,P 360,P 361,P 362,P 363,P 364,P 365,P 366,P 367,P 368,P 369,P 370,P 371,P 372,P 373,P 374,P 375,P 376,P 377,P 378,P 379,P 380,P 381,P 382,P 383,,,,,,,,,
EGIL,Harlequin,P 297,P 298,P 299,P 300,P 301,P 302,P 303,P 304,P 305,P 306,P 307,P 308,P 309,P 310,P 311,P 312,P 313,P 314,P 315,P 316,P 317,P 318,P 319,P 320,P 321,P 322,P 323,P 324,P 325,P 326,P 327,P 328,P 329,P 330,P 331,P 332,P 333,P 334,P 335,P 336,P 337,P 338,P 339,P 340,P 341,P 342,P 343,P 344,P 345,P 346,P 347,P 348,P 349,P 350,P 351,P 352,P 353,P 354,P 355,P 356,P 357,P 358,P 359,P 360,P 361,P 362,P 363,P 364,P 365,P 366,P 367,P 368,P 369,P 370,P 371,P 372,P 373,P 374,P 375,P 376,P 377,P 378,P 379,P 380,P 381,P 382,P 383,,,,,,,,,
SURUNE,Harlequin,P 297,P 298,P 299,P 300,P 301,P 302,P 303,P 304,P 305,P 306,P 307,P 308,P 309,P 310,P 311,P 312,P 313,P 314,P 315,P 316,P 317,P 318,P 319,P 320,P 321,P 322,P 323,P 324,P 325,P 326,P 327,P 328,P 329,P 330,P 331,P 332,P 333,P 334,P 335,P 336,P 337,P 338,P 339,P 340,P 341,P 342,P 343,P 344,P 345,P 346,P 347,P 348,P 349,P 350,P 351,P 352,P 353,P 354,P 355,P 356,P 357,P 358,P 359,P 360,P 361,P 362,P 363,P 364,P 365,P 366,P 367,P 368,P 369,P 370,P 371,P 372,P 373,P 374,P 375,P 376,P 377,P 378,P 379,P 380,P 381,P 382,P 383,,,,,,,,,
CEYLON,Maid,P 297,P 298,P 299,P 300,P 301,P 302,P 303,P 304,P 305,P 306,P 307,P 308,P 309,P 310,P 311,P 312,P 313,P 314,P 315,P 316,P 317,P 318,P 319,P 320,P 321,P 322,P 323,P 324,P 325,P 326,P 327,P 328,P 329,P 330,P 331,P 332,P 333,P 334,P 335,P 336,P 337,P 338,P 339,P 340,P 341,P 342,P 343,P 344,P 345,P 346,P 347,P 348,P 349,P 350,P 351,P 352,P 353,P 354,P 355,P 356,P 357,P 358,P 359,P 360,P 361,P 362,P 363,P 364,P 365,P 366,P 367,P 368,P 369,P 370,P 371,P 372,P 373,P 374,P 375,P 376,P 377,P 378,P 379,P 380,P 381,P 382,P 383,,,,,,,,,
CYANEA,Maid,P 297,P 298,P 299,P 300,P 301,P 302,P 303,P 304,P 305,P 306,P 307,P 308,P 309,P 310,P 311,P 312,P 313,P 314,P 315,P 316,P 317,P 318,P 319,P 320,P 321,P 322,P 323,P 324,P 325,P 326,P 327,P 328,P 329,P 330,P 331,P 332,P 333,P 334,P 335,P 336,P 337,P 338,P 339,P 340,P 341,P 342,P 343,P 344,P 345,P 346,P 347,P 348,P 349,P 350,P 351,P 352,P 353,P 354,P 355,P 356,P 357,P 358,P 359,P 360,P 361,P 362,P 363,P 364,P 365,P 366,P 367,P 368,P 369,P 370,P 371,P 372,P 373,P 374,P 375,P 376,P 377,P 378,P 379,P 380,P 381,P 382,P 383,,,,,,,,,
MINERVA,Maid,P 297,P 298,P 299,P 300,P 301,P 302,P 303,P 304,P 305,P 306,P 307,P 308,P 309,P 310,P 311,P 312,P 313,P 314,P 315,P 316,P 317,P 318,P 319,P 320,P 321,P 322,P 323,P 324,P 325,P 326,P 327,P 328,P 329,P 330,P 331,P 332,P 333,P 334,P 335,P 336,P 337,P 338,P 339,P 340,P 341,P 342,P 343,P 344,P 345,P 346,P 347,P 348,P 349,P 350,P 351,P 352,P 353,P 354,P 355,P 356,P 357,P 358,P 359,P 360,P 361,P 362,P 363,P 364,P 365,P 366,P 367,P 368,P 369,P 370,P 371,P 372,P 373,P 374,P 375,P 376,P 377,P 378,P 379,P 380,P 381,P 382,P 383,,,,,,,,,
BOGEY,Painter,P 408,P 442,P 469,P 484,P 485,P 505,P 511,P 513,P 524,P 534,P 537,P 555,,,,,,,,,,,,,,,,,,,,,,,,,,,,,,,,,,,,,,,,,,,,,,,,,,,,,,,,,,,,,,,,,,,,,,,,,,,,,,,,,,,,
DALI,Painter,P 408,P 442,P 469,P 484,P 485,P 505,P 511,P 513,P 524,P 534,P 537,P 555,,,,,,,,,,,,,,,,,,,,,,,,,,,,,,,,,,,,,,,,,,,,,,,,,,,,,,,,,,,,,,,,,,,,,,,,,,,,,,,,,,,,
IRON,Painter,P 408,P 442,P 469,P 484,P 485,P 505,P 511,P 513,P 524,P 534,P 537,P 555,,,,,,,,,,,,,,,,,,,,,,,,,,,,,,,,,,,,,,,,,,,,,,,,,,,,,,,,,,,,,,,,,,,,,,,,,,,,,,,,,,,,
MARCH,Nursery Aide,P 384,P 385,P 386,P 387,P 388,P 389,P 390,P 391,P 392,P 393,P 394,P 395,P 396,P 397,P 398,,,,,,,,,,,,,,,,,,,,,,,,,,,,,,,,,,,,,,,,,,,,,,,,,,,,,,,,,,,,,,,,,,,,,,,,,,,,,,,,,
HAZEL,Nursery Aide,P 515,P 516,P 517,P 518,P 519,P 520,P 521,,,,,,,,,,,,,,,,,,,,,,,,,,,,,,,,,,,,,,,,,,,,,,,,,,,,,,,,,,,,,,,,,,,,,,,,,,,,,,,,,,,,,,,,,
POLKA,Nursery Aide,P 444,P 451,P 512,P 542,P 547,P 552,P 554,P 556,P 557,,,,,,,,,,,,,,,,,,,,,,,,,,,,,,,,,,,,,,,,,,,,,,,,,,,,,,,,,,,,,,,,,,,,,,,,,,,,,,,,,,,,,,,
ANTOIN,Worker (Ice),P 404,P 415,P 430,P 443,P 456,P 498,P 521,P 527,P 530,P 531,P 532,P 538,,,,,,,,,,,,,,,,,,,,,,,,,,,,,,,,,,,,,,,,,,,,,,,,,,,,,,,,,,,,,,,,,,,,,,,,,,,,,,,,,,,,
REY,Worker (Ice),P 404,P 415,P 430,P 443,P 456,P 498,P 521,P 527,P 530,P 531,P 532,P 538,,,,,,,,,,,,,,,,,,,,,,,,,,,,,,,,,,,,,,,,,,,,,,,,,,,,,,,,,,,,,,,,,,,,,,,,,,,,,,,,,,,,
EARWIN,Worker,P 392,P 393,P 399,P 400,P 402,P 411,P 418,P 435,P 437,P 457,P 458,P 459,P 460,P 461,P 462,P 465,P 470,P 482,P 484,P 490,P 493,P 495,P 496,P 497,P 499,P 504,P 512,P 523,P 524,P 529,P 531,P 535,P 551,P 553,P 556,,,,,,,,,,,,,,,,,,,,,,,,,,,,,,,,,,,,,,,,,,,,,,,,,,,,,,,,,,,,,
LAMONT,Worker,P 392,P 393,P 399,P 400,P 402,P 411,P 418,P 435,P 437,P 457,P 458,P 459,P 460,P 461,P 462,P 465,P 470,P 482,P 484,P 490,P 493,P 495,P 496,P 497,P 499,P 504,P 512,P 523,P 524,P 529,P 531,P 535,P 551,P 553,P 556,,,,,,,,,,,,,,,,,,,,,,,,,,,,,,,,,,,,,,,,,,,,,,,,,,,,,,,,,,,,,
AMHED,Cyclist (M),P 384,P 385,P 386,P 387,P 388,P 389,P 390,P 391,P 392,P 393,P 394,P 395,P 396,P 397,P 398,P 399,P 400,P 401,P 402,P 403,P 404,P 405,P 406,P 407,P 408,P 409,P 410,P 411,P 412,P 413,P 414,P 415,P 416,P 417,P 418,P 419,P 420,P 421,P 422,P 423,P 424,P 425,P 426,P 427,P 428,P 429,P 430,P 431,P 432,P 433,P 434,P 435,P 436,P 437,P 438,P 439,P 440,P 441,P 442,P 443,P 444,P 445,P 446,P 447,P 448,P 449,P 450,P 451,P 452,P 453,P 454,P 455,P 456,P 457,P 458,P 459,P 460,P 461,P 462,P 463,P 464,P 465,P 466,P 467,P 468,P 469,P 470,P 471,,,,,,,,
HAMID,Cyclist (M),P 384,P 385,P 386,P 387,P 388,P 389,P 390,P 391,P 392,P 393,P 394,P 395,P 396,P 397,P 398,P 399,P 400,P 401,P 402,P 403,P 404,P 405,P 406,P 407,P 408,P 409,P 410,P 411,P 412,P 413,P 414,P 415,P 416,P 417,P 418,P 419,P 420,P 421,P 422,P 423,P 424,P 425,P 426,P 427,P 428,P 429,P 430,P 431,P 432,P 433,P 434,P 435,P 436,P 437,P 438,P 439,P 440,P 441,P 442,P 443,P 444,P 445,P 446,P 447,P 448,P 449,P 450,P 451,P 452,P 453,P 454,P 455,P 456,P 457,P 458,P 459,P 460,P 461,P 462,P 463,P 464,P 465,P 466,P 467,P 468,P 469,P 470,P 471,,,,,,,,
MINNOW,Cyclist (F),P 384,P 385,P 386,P 387,P 388,P 389,P 390,P 391,P 392,P 393,P 394,P 395,P 396,P 397,P 398,P 399,P 400,P 401,P 402,P 403,P 404,P 405,P 406,P 407,P 408,P 409,P 410,P 411,P 412,P 413,P 414,P 415,P 416,P 417,P 418,P 419,P 420,P 421,P 422,P 423,P 424,P 425,P 426,P 427,P 428,P 429,P 430,P 431,P 432,P 433,P 434,P 435,P 436,P 437,P 438,P 439,P 440,P 441,P 442,P 443,P 444,P 445,P 446,P 447,P 448,P 449,P 450,P 451,P 452,P 453,P 454,P 455,P 456,P 457,P 458,P 459,P 460,P 461,P 462,P 463,P 464,P 465,P 466,P 467,P 468,P 469,P 470,P 471,,,,,,,,
OREN,Cyclist (F),P 384,P 385,P 386,P 387,P 388,P 389,P 390,P 391,P 392,P 393,P 394,P 395,P 396,P 397,P 398,P 399,P 400,P 401,P 402,P 403,P 404,P 405,P 406,P 407,P 408,P 409,P 410,P 411,P 412,P 413,P 414,P 415,P 416,P 417,P 418,P 419,P 420,P 421,P 422,P 423,P 424,P 425,P 426,P 427,P 428,P 429,P 430,P 431,P 432,P 433,P 434,P 435,P 436,P 437,P 438,P 439,P 440,P 441,P 442,P 443,P 444,P 445,P 446,P 447,P 448,P 449,P 450,P 451,P 452,P 453,P 454,P 455,P 456,P 457,P 458,P 459,P 460,P 461,P 462,P 463,P 464,P 465,P 466,P 467,P 468,P 469,P 470,P 471,,,,,,,,
BOBJIRO,Policeman,P 391,P 394,P 395,P 397,P 401,P 407,P 408,P 409,P 412,P 420,P 421,P 436,P 446,P 447,P 452,P 455,P 462,P 466,P 471,,,,,,,,,,,,,,,,,,,,,,,,,,,,,,,,,,,,,,,,,,,,,,,,,,,,,,,,,,,,,,,,,,,,,,,,,,,,,
BOBYOSI,Policeman,P 391,P 394,P 395,P 397,P 401,P 407,P 408,P 409,P 412,P 420,P 421,P 436,P 446,P 447,P 452,P 455,P 462,P 466,P 471,,,,,,,,,,,,,,,,,,,,,,,,,,,,,,,,,,,,,,,,,,,,,,,,,,,,,,,,,,,,,,,,,,,,,,,,,,,,,
VADIM,Clerk (M),P 472,P 473,P 474,P 475,P 476,P 477,P 478,P 479,P 480,P 481,P 482,P 483,P 484,P 485,P 486,P 487,P 488,P 489,P 490,P 491,P 492,P 493,P 494,P 495,P 496,P 497,P 498,P 499,P 500,P 501,P 502,P 503,P 504,P 505,P 506,P 507,P 508,P 509,P 510,P 511,P 512,P 513,P 514,P 515,P 516,P 517,P 518,P 519,P 520,P 521,P 522,P 523,P 524,P 525,P 526,P 527,P 528,P 529,P 530,P 531,P 532,P 533,P 534,P 535,P 536,P 537,P 538,P 539,P 540,P 541,P 542,P 543,P 544,P 545,P 546,P 547,P 548,P 549,P 550,P 551,P 552,P 553,P 554,P 555,P 556,P 557,P 558,,,,,,,,,
YURI,Clerk (M),P 472,P 473,P 474,P 475,P 476,P 477,P 478,P 479,P 480,P 481,P 482,P 483,P 484,P 485,P 486,P 487,P 488,P 489,P 490,P 491,P 492,P 493,P 494,P 495,P 496,P 497,P 498,P 499,P 500,P 501,P 502,P 503,P 504,P 505,P 506,P 507,P 508,P 509,P 510,P 511,P 512,P 513,P 514,P 515,P 516,P 517,P 518,P 519,P 520,P 521,P 522,P 523,P 524,P 525,P 526,P 527,P 528,P 529,P 530,P 531,P 532,P 533,P 534,P 535,P 536,P 537,P 538,P 539,P 540,P 541,P 542,P 543,P 544,P 545,P 546,P 547,P 548,P 549,P 550,P 551,P 552,P 553,P 554,P 555,P 556,P 557,P 558,,,,,,,,,
MOHAIR,Clerk (F),P 472,P 473,P 474,P 475,P 476,P 477,P 478,P 479,P 480,P 481,P 482,P 483,P 484,P 485,P 486,P 487,P 488,P 489,P 490,P 491,P 492,P 493,P 494,P 495,P 496,P 497,P 498,P 499,P 500,P 501,P 502,P 503,P 504,P 505,P 506,P 507,P 508,P 509,P 510,P 511,P 512,P 513,P 514,P 515,P 516,P 517,P 518,P 519,P 520,P 521,P 522,P 523,P 524,P 525,P 526,P 527,P 528,P 529,P 530,P 531,P 532,P 533,P 534,P 535,P 536,P 537,P 538,P 539,P 540,P 541,P 542,P 543,P 544,P 545,P 546,P 547,P 548,P 549,P 550,P 551,P 552,P 553,P 554,P 555,P 556,P 557,P 558,,,,,,,,,
VELOUR,Clerk (F),P 472,P 473,P 474,P 475,P 476,P 477,P 478,P 479,P 480,P 481,P 482,P 483,P 484,P 485,P 486,P 487,P 488,P 489,P 490,P 491,P 492,P 493,P 494,P 495,P 496,P 497,P 498,P 499,P 500,P 501,P 502,P 503,P 504,P 505,P 506,P 507,P 508,P 509,P 510,P 511,P 512,P 513,P 514,P 515,P 516,P 517,P 518,P 519,P 520,P 521,P 522,P 523,P 524,P 525,P 526,P 527,P 528,P 529,P 530,P 531,P 532,P 533,P 534,P 535,P 536,P 537,P 538,P 539,P 540,P 541,P 542,P 543,P 544,P 545,P 546,P 547,P 548,P 549,P 550,P 551,P 552,P 553,P 554,P 555,P 556,P 557,P 558,,,,,,,,,
KETMON,Janitor,P 559,P 560,P 561,P 562,P 563,P 564,P 565,P 566,P 567,P 568,P 569,P 570,P 571,P 572,P 573,P 574,P 575,P 576,P 577,P 578,P 579,P 580,P 581,P 582,P 583,P 584,P 585,P 586,P 587,P 588,P 589,P 590,P 591,P 592,P 593,P 594,P 595,P 596,P 597,P 598,P 599,P 600,P 601,P 602,P 603,P 604,P 605,P 606,P 607,P 608,P 609,P 610,P 611,P 612,P 613,P 614,P 615,P 616,P 617,P 618,P 619,P 620,P 621,P 622,P 623,P 624,P 625,P 626,P 627,P 628,P 629,P 630,P 631,P 632,P 633,P 634,P 635,P 636,P 637,P 638,P 639,P 640,P 641,P 642,P 643,P 644,P 645,P 646,,,,,,,,
NIDA,Janitor,P 559,P 560,P 561,P 562,P 563,P 564,P 565,P 566,P 567,P 568,P 569,P 570,P 571,P 572,P 573,P 574,P 575,P 576,P 577,P 578,P 579,P 580,P 581,P 582,P 583,P 584,P 585,P 586,P 587,P 588,P 589,P 590,P 591,P 592,P 593,P 594,P 595,P 596,P 597,P 598,P 599,P 600,P 601,P 602,P 603,P 604,P 605,P 606,P 607,P 608,P 609,P 610,P 611,P 612,P 613,P 614,P 615,P 616,P 617,P 618,P 619,P 620,P 621,P 622,P 623,P 624,P 625,P 626,P 627,P 628,P 629,P 630,P 631,P 632,P 633,P 634,P 635,P 636,P 637,P 638,P 639,P 640,P 641,P 642,P 643,P 644,P 645,P 646,,,,,,,,
CAMERON,Depot Agent,P 559,P 560,P 561,P 562,P 563,P 564,P 565,P 566,P 567,P 568,P 569,P 570,P 571,P 572,P 573,P 574,P 575,P 576,P 577,P 578,P 579,P 580,P 581,P 582,P 583,P 584,P 585,P 586,P 587,P 588,P 589,P 590,P 591,P 592,P 593,P 594,P 595,P 596,P 597,P 598,P 599,P 600,P 601,P 602,P 603,P 604,P 605,P 606,P 607,P 608,P 609,P 610,P 611,P 612,P 613,P 614,P 615,P 616,P 617,P 618,P 619,P 620,P 621,P 622,P 623,P 624,P 625,P 626,P 627,P 628,P 629,P 630,P 631,P 632,P 633,P 634,P 635,P 636,P 637,P 638,P 639,P 640,P 641,P 642,P 643,P 644,P 645,P 646,,,,,,,,
JACKIE,Depot Agent,P 559,P 560,P 561,P 562,P 563,P 564,P 565,P 566,P 567,P 568,P 569,P 570,P 571,P 572,P 573,P 574,P 575,P 576,P 577,P 578,P 579,P 580,P 581,P 582,P 583,P 584,P 585,P 586,P 587,P 588,P 589,P 590,P 591,P 592,P 593,P 594,P 595,P 596,P 597,P 598,P 599,P 600,P 601,P 602,P 603,P 604,P 605,P 606,P 607,P 608,P 609,P 610,P 611,P 612,P 613,P 614,P 615,P 616,P 617,P 618,P 619,P 620,P 621,P 622,P 623,P 624,P 625,P 626,P 627,P 628,P 629,P 630,P 631,P 632,P 633,P 634,P 635,P 636,P 637,P 638,P 639,P 640,P 641,P 642,P 643,P 644,P 645,P 646,,,,,,,,
ADENINE,Doctor,P 559,P 560,P 561,P 562,P 563,P 564,P 565,P 566,P 567,P 568,P 569,P 570,P 571,P 572,P 573,P 574,P 575,P 576,P 577,P 578,P 579,P 580,P 581,P 582,P 583,P 584,P 585,P 586,P 587,P 588,P 589,P 590,P 591,P 592,P 593,P 594,P 595,P 596,P 597,P 598,P 599,P 600,P 601,P 602,P 603,P 604,P 605,P 606,P 607,P 608,P 609,P 610,P 611,P 612,P 613,P 614,P 615,P 616,P 617,P 618,P 619,P 620,P 621,P 622,P 623,P 624,P 625,P 626,P 627,P 628,P 629,P 630,P 631,P 632,P 633,P 634,P 635,P 636,P 637,P 638,P 639,P 640,P 641,P 642,P 643,P 644,P 645,P 646,,,,,,,,
FRANK,Doctor,P 559,P 560,P 561,P 562,P 563,P 564,P 565,P 566,P 567,P 568,P 569,P 570,P 571,P 572,P 573,P 574,P 575,P 576,P 577,P 578,P 579,P 580,P 581,P 582,P 583,P 584,P 585,P 586,P 587,P 588,P 589,P 590,P 591,P 592,P 593,P 594,P 595,P 596,P 597,P 598,P 599,P 600,P 601,P 602,P 603,P 604,P 605,P 606,P 607,P 608,P 609,P 610,P 611,P 612,P 613,P 614,P 615,P 616,P 617,P 618,P 619,P 620,P 621,P 622,P 623,P 624,P 625,P 626,P 627,P 628,P 629,P 630,P 631,P 632,P 633,P 634,P 635,P 636,P 637,P 638,P 639,P 640,P 641,P 642,P 643,P 644,P 645,P 646,,,,,,,,
THYMINE,Doctor,P 559,P 560,P 561,P 562,P 563,P 564,P 565,P 566,P 567,P 568,P 569,P 570,P 571,P 572,P 573,P 574,P 575,P 576,P 577,P 578,P 579,P 580,P 581,P 582,P 583,P 584,P 585,P 586,P 587,P 588,P 589,P 590,P 591,P 592,P 593,P 594,P 595,P 596,P 597,P 598,P 599,P 600,P 601,P 602,P 603,P 604,P 605,P 606,P 607,P 608,P 609,P 610,P 611,P 612,P 613,P 614,P 615,P 616,P 617,P 618,P 619,P 620,P 621,P 622,P 623,P 624,P 625,P 626,P 627,P 628,P 629,P 630,P 631,P 632,P 633,P 634,P 635,P 636,P 637,P 638,P 639,P 640,P 641,P 642,P 643,P 644,P 645,P 646,,,,,,,,
KIKURI,Nurse,P 559,P 560,P 561,P 562,P 563,P 564,P 565,P 566,P 567,P 568,P 569,P 570,P 571,P 572,P 573,P 574,P 575,P 576,P 577,P 578,P 579,P 580,P 581,P 582,P 583,P 584,P 585,P 586,P 587,P 588,P 589,P 590,P 591,P 592,P 593,P 594,P 595,P 596,P 597,P 598,P 599,P 600,P 601,P 602,P 603,P 604,P 605,P 606,P 607,P 608,P 609,P 610,P 611,P 612,P 613,P 614,P 615,P 616,P 617,P 618,P 619,P 620,P 621,P 622,P 623,P 624,P 625,P 626,P 627,P 628,P 629,P 630,P 631,P 632,P 633,P 634,P 635,P 636,P 637,P 638,P 639,P 640,P 641,P 642,P 643,P 644,P 645,P 646,,,,,,,,
KUSHINA,Nurse,P 559,P 560,P 561,P 562,P 563,P 564,P 565,P 566,P 567,P 568,P 569,P 570,P 571,P 572,P 573,P 574,P 575,P 576,P 577,P 578,P 579,P 580,P 581,P 582,P 583,P 584,P 585,P 586,P 587,P 588,P 589,P 590,P 591,P 592,P 593,P 594,P 595,P 596,P 597,P 598,P 599,P 600,P 601,P 602,P 603,P 604,P 605,P 606,P 607,P 608,P 609,P 610,P 611,P 612,P 613,P 614,P 615,P 616,P 617,P 618,P 619,P 620,P 621,P 622,P 623,P 624,P 625,P 626,P 627,P 628,P 629,P 630,P 631,P 632,P 633,P 634,P 635,P 636,P 637,P 638,P 639,P 640,P 641,P 642,P 643,P 644,P 645,P 646,,,,,,,,
TOMATOE,Nurse,P 559,P 560,P 561,P 562,P 563,P 564,P 565,P 566,P 567,P 568,P 569,P 570,P 571,P 572,P 573,P 574,P 575,P 576,P 577,P 578,P 579,P 580,P 581,P 582,P 583,P 584,P 585,P 586,P 587,P 588,P 589,P 590,P 591,P 592,P 593,P 594,P 595,P 596,P 597,P 598,P 599,P 600,P 601,P 602,P 603,P 604,P 605,P 606,P 607,P 608,P 609,P 610,P 611,P 612,P 613,P 614,P 615,P 616,P 617,P 618,P 619,P 620,P 621,P 622,P 623,P 624,P 625,P 626,P 627,P 628,P 629,P 630,P 631,P 632,P 633,P 634,P 635,P 636,P 637,P 638,P 639,P 640,P 641,P 642,P 643,P 644,P 645,P 646,,,,,,,,
DANIIL,Pokemon Breeder (M),P 647,P 648,P 649,P 650,P 651,P 652,P 653,P 654,P 655,P 656,P 657,P 658,P 659,P 660,P 661,P 662,P 663,P 664,P 665,P 666,P 667,P 668,P 669,P 670,P 671,P 672,P 673,P 674,P 675,P 676,P 677,P 678,P 679,P 680,P 681,P 682,P 683,P 684,P 685,P 686,P 687,P 688,P 689,P 690,P 691,P 692,P 693,P 694,P 695,P 696,P 697,P 698,P 699,P 700,P 701,P 702,P 703,P 704,P 705,P 706,P 707,P 708,P 709,P 710,P 711,P 712,P 713,P 714,P 715,P 716,P 717,P 718,P 719,P 720,P 721,P 722,P 723,P 724,P 725,P 726,P 727,P 728,P 729,P 730,P 731,P 732,P 733,,,,,,,,,
FEDOR,Pokemon Breeder (M),P 647,P 648,P 649,P 650,P 651,P 652,P 653,P 654,P 655,P 656,P 657,P 658,P 659,P 660,P 661,P 662,P 663,P 664,P 665,P 666,P 667,P 668,P 669,P 670,P 671,P 672,P 673,P 674,P 675,P 676,P 677,P 678,P 679,P 680,P 681,P 682,P 683,P 684,P 685,P 686,P 687,P 688,P 689,P 690,P 691,P 692,P 693,P 694,P 695,P 696,P 697,P 698,P 699,P 700,P 701,P 702,P 703,P 704,P 705,P 706,P 707,P 708,P 709,P 710,P 711,P 712,P 713,P 714,P 715,P 716,P 717,P 718,P 719,P 720,P 721,P 722,P 723,P 724,P 725,P 726,P 727,P 728,P 729,P 730,P 731,P 732,P 733,,,,,,,,,
KATHY,Pokemon Breeder (F),P 647,P 648,P 649,P 650,P 651,P 652,P 653,P 654,P 655,P 656,P 657,P 658,P 659,P 660,P 661,P 662,P 663,P 664,P 665,P 666,P 667,P 668,P 669,P 670,P 671,P 672,P 673,P 674,P 675,P 676,P 677,P 678,P 679,P 680,P 681,P 682,P 683,P 684,P 685,P 686,P 687,P 688,P 689,P 690,P 691,P 692,P 693,P 694,P 695,P 696,P 697,P 698,P 699,P 700,P 701,P 702,P 703,P 704,P 705,P 706,P 707,P 708,P 709,P 710,P 711,P 712,P 713,P 714,P 715,P 716,P 717,P 718,P 719,P 720,P 721,P 722,P 723,P 724,P 725,P 726,P 727,P 728,P 729,P 730,P 731,P 732,P 733,,,,,,,,,
SUE,Pokemon Breeder (F),P 647,P 648,P 649,P 650,P 651,P 652,P 653,P 654,P 655,P 656,P 657,P 658,P 659,P 660,P 661,P 662,P 663,P 664,P 665,P 666,P 667,P 668,P 669,P 670,P 671,P 672,P 673,P 674,P 675,P 676,P 677,P 678,P 679,P 680,P 681,P 682,P 683,P 684,P 685,P 686,P 687,P 688,P 689,P 690,P 691,P 692,P 693,P 694,P 695,P 696,P 697,P 698,P 699,P 700,P 701,P 702,P 703,P 704,P 705,P 706,P 707,P 708,P 709,P 710,P 711,P 712,P 713,P 714,P 715,P 716,P 717,P 718,P 719,P 720,P 721,P 722,P 723,P 724,P 725,P 726,P 727,P 728,P 729,P 730,P 731,P 732,P 733,,,,,,,,,
ASHLEY,Socialite,P 647,P 648,P 649,P 650,P 651,P 652,P 653,P 654,P 655,P 656,P 657,P 658,P 659,P 660,P 661,P 662,P 663,P 664,P 665,P 666,P 667,P 668,P 669,P 670,P 671,P 672,P 673,P 674,P 675,P 676,P 677,P 678,P 679,P 680,P 681,P 682,P 683,P 684,P 685,P 686,P 687,P 688,P 689,P 690,P 691,P 692,P 693,P 694,P 695,P 696,P 697,P 698,P 699,P 700,P 701,P 702,P 703,P 704,P 705,P 706,P 707,P 708,P 709,P 710,P 711,P 712,P 713,P 714,P 715,P 716,P 717,P 718,P 719,P 720,P 721,P 722,P 723,P 724,P 725,P 726,P 727,P 728,P 729,P 730,P 731,P 732,P 733,,,,,,,,,
JOICE,Socialite,P 647,P 648,P 649,P 650,P 651,P 652,P 653,P 654,P 655,P 656,P 657,P 658,P 659,P 660,P 661,P 662,P 663,P 664,P 665,P 666,P 667,P 668,P 669,P 670,P 671,P 672,P 673,P 674,P 675,P 676,P 677,P 678,P 679,P 680,P 681,P 682,P 683,P 684,P 685,P 686,P 687,P 688,P 689,P 690,P 691,P 692,P 693,P 694,P 695,P 696,P 697,P 698,P 699,P 700,P 701,P 702,P 703,P 704,P 705,P 706,P 707,P 708,P 709,P 710,P 711,P 712,P 713,P 714,P 715,P 716,P 717,P 718,P 719,P 720,P 721,P 722,P 723,P 724,P 725,P 726,P 727,P 728,P 729,P 730,P 731,P 732,P 733,,,,,,,,,
BOYCE,Gentleman,P 647,P 648,P 649,P 650,P 651,P 652,P 653,P 654,P 655,P 656,P 657,P 658,P 659,P 660,P 661,P 662,P 663,P 664,P 665,P 666,P 667,P 668,P 669,P 670,P 671,P 672,P 673,P 674,P 675,P 676,P 677,P 678,P 679,P 680,P 681,P 682,P 683,P 684,P 685,P 686,P 687,P 688,P 689,P 690,P 691,P 692,P 693,P 694,P 695,P 696,P 697,P 698,P 699,P 700,P 701,P 702,P 703,P 704,P 705,P 706,P 707,P 708,P 709,P 710,P 711,P 712,P 713,P 714,P 715,P 716,P 717,P 718,P 719,P 720,P 721,P 722,P 723,P 724,P 725,P 726,P 727,P 728,P 729,P 730,P 731,P 732,P 733,,,,,,,,,
DOVER,Gentleman,P 647,P 648,P 649,P 650,P 651,P 652,P 653,P 654,P 655,P 656,P 657,P 658,P 659,P 660,P 661,P 662,P 663,P 664,P 665,P 666,P 667,P 668,P 669,P 670,P 671,P 672,P 673,P 674,P 675,P 676,P 677,P 678,P 679,P 680,P 681,P 682,P 683,P 684,P 685,P 686,P 687,P 688,P 689,P 690,P 691,P 692,P 693,P 694,P 695,P 696,P 697,P 698,P 699,P 700,P 701,P 702,P 703,P 704,P 705,P 706,P 707,P 708,P 709,P 710,P 711,P 712,P 713,P 714,P 715,P 716,P 717,P 718,P 719,P 720,P 721,P 722,P 723,P 724,P 725,P 726,P 727,P 728,P 729,P 730,P 731,P 732,P 733,,,,,,,,,
FLORIAN,Pilot,P 667,P 674,P 676,P 677,P 679,P 682,P 708,P 715,P 723,P 726,P 727,P 729,,,,,,,,,,,,,,,,,,,,,,,,,,,,,,,,,,,,,,,,,,,,,,,,,,,,,,,,,,,,,,,,,,,,,,,,,,,,,,,,,,,,
PHYL,Pilot,P 667,P 674,P 676,P 677,P 679,P 682,P 708,P 715,P 723,P 726,P 727,P 729,,,,,,,,,,,,,,,,,,,,,,,,,,,,,,,,,,,,,,,,,,,,,,,,,,,,,,,,,,,,,,,,,,,,,,,,,,,,,,,,,,,,
FAUST,Clerk (Executive),P 734,P 735,P 736,P 737,P 738,P 739,P 740,P 741,P 742,P 743,P 744,P 745,P 746,P 747,P 748,P 749,P 750,P 751,P 752,P 753,P 754,P 755,P 756,P 757,P 758,P 759,P 760,P 761,P 762,P 763,P 764,P 765,P 766,P 767,P 768,P 769,P 770,P 771,P 772,P 773,P 774,P 775,P 776,P 777,P 778,P 779,P 780,P 781,P 782,P 783,P 784,P 785,P 786,P 787,P 788,P 789,P 790,P 791,P 792,P 793,P 794,P 795,P 796,P 797,P 798,P 799,P 800,P 801,P 802,P 803,P 804,P 805,P 806,P 807,P 808,P 809,P 810,P 811,P 812,P 813,P 814,P 815,P 816,P 817,P 818,P 819,P 820,P 821,,,,,,,,
ULFGANG,Clerk (Executive),P 734,P 735,P 736,P 737,P 738,P 739,P 740,P 741,P 742,P 743,P 744,P 745,P 746,P 747,P 748,P 749,P 750,P 751,P 752,P 753,P 754,P 755,P 756,P 757,P 758,P 759,P 760,P 761,P 762,P 763,P 764,P 765,P 766,P 767,P 768,P 769,P 770,P 771,P 772,P 773,P 774,P 775,P 776,P 777,P 778,P 779,P 780,P 781,P 782,P 783,P 784,P 785,P 786,P 787,P 788,P 789,P 790,P 791,P 792,P 793,P 794,P 795,P 796,P 797,P 798,P 799,P 800,P 801,P 802,P 803,P 804,P 805,P 806,P 807,P 808,P 809,P 810,P 811,P 812,P 813,P 814,P 815,P 816,P 817,P 818,P 819,P 820,P 821,,,,,,,,
CHARIS,Scientist (F),P 822,P 823,P 824,P 825,P 826,P 827,P 828,P 829,P 830,P 831,P 832,P 833,P 834,P 835,P 836,P 837,P 838,P 839,P 840,P 841,P 842,P 843,P 844,P 845,P 846,P 847,P 848,P 849,P 850,P 851,P 852,P 853,P 854,P 855,P 856,P 857,P 858,P 859,P 860,P 861,P 862,P 863,P 864,P 865,P 866,P 867,P 868,P 869,P 870,P 871,P 872,P 873,P 874,P 875,P 876,P 877,P 878,P 879,P 880,P 881,P 882,P 883,P 884,P 885,P 886,P 887,P 888,P 889,P 890,P 891,P 892,P 893,P 894,P 895,P 896,P 897,P 898,P 899,P 900,P 901,P 902,P 903,P 904,P 905,P 906,P 907,P 908,,,,,,,,,
LOTTE,Scientist (F),P 734,P 735,P 736,P 737,P 738,P 739,P 740,P 741,P 742,P 743,P 744,P 745,P 746,P 747,P 748,P 749,P 750,P 751,P 752,P 753,P 754,P 755,P 756,P 757,P 758,P 759,P 760,P 761,P 762,P 763,P 764,P 765,P 766,P 767,P 768,P 769,P 770,P 771,P 772,P 773,P 774,P 775,P 776,P 777,P 778,P 779,P 780,P 781,P 782,P 783,P 784,P 785,P 786,P 787,P 788,P 789,P 790,P 791,P 792,P 793,P 794,P 795,P 796,P 797,P 798,P 799,P 800,P 801,P 802,P 803,P 804,P 805,P 806,P 807,P 808,P 809,P 810,P 811,P 812,P 813,P 814,P 815,P 816,P 817,P 818,P 819,P 820,P 821,,,,,,,,
THERESE,Scientist (F),P 822,P 823,P 824,P 825,P 826,P 827,P 828,P 829,P 830,P 831,P 832,P 833,P 834,P 835,P 836,P 837,P 838,P 839,P 840,P 841,P 842,P 843,P 844,P 845,P 846,P 847,P 848,P 849,P 850,P 851,P 852,P 853,P 854,P 855,P 856,P 857,P 858,P 859,P 860,P 861,P 862,P 863,P 864,P 865,P 866,P 867,P 868,P 869,P 870,P 871,P 872,P 873,P 874,P 875,P 876,P 877,P 878,P 879,P 880,P 881,P 882,P 883,P 884,P 885,P 886,P 887,P 888,P 889,P 890,P 891,P 892,P 893,P 894,P 895,P 896,P 897,P 898,P 899,P 900,P 901,P 902,P 903,P 904,P 905,P 906,P 907,P 908,,,,,,,,,
SPACEY,Scientist (M),P 822,P 823,P 824,P 825,P 826,P 827,P 828,P 829,P 830,P 831,P 832,P 833,P 834,P 835,P 836,P 837,P 838,P 839,P 840,P 841,P 842,P 843,P 844,P 845,P 846,P 847,P 848,P 849,P 850,P 851,P 852,P 853,P 854,P 855,P 856,P 857,P 858,P 859,P 860,P 861,P 862,P 863,P 864,P 865,P 866,P 867,P 868,P 869,P 870,P 871,P 872,P 873,P 874,P 875,P 876,P 877,P 878,P 879,P 880,P 881,P 882,P 883,P 884,P 885,P 886,P 887,P 888,P 889,P 890,P 891,P 892,P 893,P 894,P 895,P 896,P 897,P 898,P 899,P 900,P 901,P 902,P 903,P 904,P 905,P 906,P 907,P 908,,,,,,,,,
SHAN,Scientist (M),P 822,P 823,P 824,P 825,P 826,P 827,P 828,P 829,P 830,P 831,P 832,P 833,P 834,P 835,P 836,P 837,P 838,P 839,P 840,P 841,P 842,P 843,P 844,P 845,P 846,P 847,P 848,P 849,P 850,P 851,P 852,P 853,P 854,P 855,P 856,P 857,P 858,P 859,P 860,P 861,P 862,P 863,P 864,P 865,P 866,P 867,P 868,P 869,P 870,P 871,P 872,P 873,P 874,P 875,P 876,P 877,P 878,P 879,P 880,P 881,P 882,P 883,P 884,P 885,P 886,P 887,P 888,P 889,P 890,P 891,P 892,P 893,P 894,P 895,P 896,P 897,P 898,P 899,P 900,P 901,P 902,P 903,P 904,P 905,P 906,P 907,P 908,,,,,,,,,
STUBS,Scientist (M),P 734,P 735,P 736,P 737,P 738,P 739,P 740,P 741,P 742,P 743,P 744,P 745,P 746,P 747,P 748,P 749,P 750,P 751,P 752,P 753,P 754,P 755,P 756,P 757,P 758,P 759,P 760,P 761,P 762,P 763,P 764,P 765,P 766,P 767,P 768,P 769,P 770,P 771,P 772,P 773,P 774,P 775,P 776,P 777,P 778,P 779,P 780,P 781,P 782,P 783,P 784,P 785,P 786,P 787,P 788,P 789,P 790,P 791,P 792,P 793,P 794,P 795,P 796,P 797,P 798,P 799,P 800,P 801,P 802,P 803,P 804,P 805,P 806,P 807,P 808,P 809,P 810,P 811,P 812,P 813,P 814,P 815,P 816,P 817,P 818,P 819,P 820,P 821,,,,,,,,
BOLDBAT,Psychic (M),P 751,P 754,P 755,P 780,P 784,P 785,P 788,P 792,P 795,P 798,P 799,P 803,P 804,P 814,P 819,P 824,P 834,P 835,P 858,P 859,P 860,P 861,P 864,P 868,P 875,P 905,,,,,,,,,,,,,,,,,,,,,,,,,,,,,,,,,,,,,,,,,,,,,,,,,,,,,,,,,,,,,,,,,,,,,,
KHAAN,Psychic (M),P 751,P 754,P 755,P 780,P 784,P 785,P 788,P 792,P 795,P 798,P 799,P 803,P 804,P 814,P 819,P 824,P 834,P 835,P 858,P 859,P 860,P 861,P 864,P 868,P 875,P 905,,,,,,,,,,,,,,,,,,,,,,,,,,,,,,,,,,,,,,,,,,,,,,,,,,,,,,,,,,,,,,,,,,,,,,
SOLONGO,Psychic (M),P 751,P 754,P 755,P 780,P 784,P 785,P 788,P 792,P 795,P 798,P 799,P 803,P 804,P 814,P 819,P 824,P 834,P 835,P 858,P 859,P 860,P 861,P 864,P 868,P 875,P 905,,,,,,,,,,,,,,,,,,,,,,,,,,,,,,,,,,,,,,,,,,,,,,,,,,,,,,,,,,,,,,,,,,,,,,
LONGO,Psychic (F),P 751,P 754,P 755,P 780,P 784,P 785,P 788,P 792,P 795,P 798,P 799,P 803,P 804,P 814,P 819,P 824,P 834,P 835,P 858,P 859,P 860,P 861,P 864,P 868,P 875,P 905,,,,,,,,,,,,,,,,,,,,,,,,,,,,,,,,,,,,,,,,,,,,,,,,,,,,,,,,,,,,,,,,,,,,,,
SAMBALA,Psychic (F),P 751,P 754,P 755,P 780,P 784,P 785,P 788,P 792,P 795,P 798,P 799,P 803,P 804,P 814,P 819,P 824,P 834,P 835,P 858,P 859,P 860,P 861,P 864,P 868,P 875,P 905,,,,,,,,,,,,,,,,,,,,,,,,,,,,,,,,,,,,,,,,,,,,,,,,,,,,,,,,,,,,,,,,,,,,,,
ZAYA,Psychic (F),P 751,P 754,P 755,P 780,P 784,P 785,P 788,P 792,P 795,P 798,P 799,P 803,P 804,P 814,P 819,P 824,P 834,P 835,P 858,P 859,P 860,P 861,P 864,P 868,P 875,P 905,,,,,,,,,,,,,,,,,,,,,,,,,,,,,,,,,,,,,,,,,,,,,,,,,,,,,,,,,,,,,,,,,,,,,,
ENPI,Black Belt,P 735,P 738,P 741,P 744,P 745,P 747,P 751,P 757,P 758,P 759,P 762,P 770,P 771,P 782,P 786,P 796,P 797,P 802,P 805,P 812,P 816,P 821,P 822,P 828,P 829,P 831,P 835,P 838,P 839,P 844,P 845,P 847,P 859,P 863,P 864,P 867,P 872,P 874,P 876,P 879,P 884,P 896,P 899,P 900,P 905,,,,,,,,,,,,,,,,,,,,,,,,,,,,,,,,,,,,,,,,,,,,,,,,,,,
HARIMAO,Black Belt,P 735,P 738,P 741,P 744,P 745,P 747,P 751,P 757,P 758,P 759,P 762,P 770,P 771,P 782,P 786,P 796,P 797,P 802,P 805,P 812,P 816,P 821,P 822,P 828,P 829,P 831,P 835,P 838,P 839,P 844,P 845,P 847,P 859,P 863,P 864,P 867,P 872,P 874,P 876,P 879,P 884,P 896,P 899,P 900,P 905,,,,,,,,,,,,,,,,,,,,,,,,,,,,,,,,,,,,,,,,,,,,,,,,,,,
UNSU,Black Belt,P 735,P 738,P 741,P 744,P 745,P 747,P 751,P 757,P 758,P 759,P 762,P 770,P 771,P 782,P 786,P 796,P 797,P 802,P 805,P 812,P 816,P 821,P 822,P 828,P 829,P 831,P 835,P 838,P 839,P 844,P 845,P 847,P 859,P 863,P 864,P 867,P 872,P 874,P 876,P 879,P 884,P 896,P 899,P 900,P 905,,,,,,,,,,,,,,,,,,,,,,,,,,,,,,,,,,,,,,,,,,,,,,,,,,,
ACES,Battle Girl,P 735,P 738,P 741,P 744,P 745,P 747,P 751,P 757,P 758,P 759,P 762,P 770,P 771,P 782,P 786,P 796,P 797,P 802,P 805,P 812,P 816,P 821,P 822,P 828,P 829,P 831,P 835,P 838,P 839,P 844,P 845,P 847,P 859,P 863,P 864,P 867,P 872,P 874,P 876,P 879,P 884,P 896,P 899,P 900,P 905,,,,,,,,,,,,,,,,,,,,,,,,,,,,,,,,,,,,,,,,,,,,,,,,,,,
FLUSH,Battle Girl,P 735,P 738,P 741,P 744,P 745,P 747,P 751,P 757,P 758,P 759,P 762,P 770,P 771,P 782,P 786,P 796,P 797,P 802,P 805,P 812,P 816,P 821,P 822,P 828,P 829,P 831,P 835,P 838,P 839,P 844,P 845,P 847,P 859,P 863,P 864,P 867,P 872,P 874,P 876,P 879,P 884,P 896,P 899,P 900,P 905,,,,,,,,,,,,,,,,,,,,,,,,,,,,,,,,,,,,,,,,,,,,,,,,,,,
QUEENIE,Battle Girl,P 735,P 738,P 741,P 744,P 745,P 747,P 751,P 757,P 758,P 759,P 762,P 770,P 771,P 782,P 786,P 796,P 797,P 802,P 805,P 812,P 816,P 821,P 822,P 828,P 829,P 831,P 835,P 838,P 839,P 844,P 845,P 847,P 859,P 863,P 864,P 867,P 872,P 874,P 876,P 879,P 884,P 896,P 899,P 900,P 905,,,,,,,,,,,,,,,,,,,,,,,,,,,,,,,,,,,,,,,,,,,,,,,,,,,
MOUSE,Pokemon Ranger (M),P 559,P 560,P 561,P 562,P 563,P 564,P 565,P 566,P 567,P 568,P 569,P 570,P 571,P 572,P 573,P 574,P 575,P 576,P 577,P 578,P 579,P 580,P 581,P 582,P 583,P 584,P 585,P 586,P 587,P 588,P 589,P 590,P 591,P 592,P 593,P 594,P 595,P 596,P 597,P 598,P 599,P 600,P 601,P 602,P 603,P 604,P 605,P 606,P 607,P 608,P 609,P 610,P 611,P 612,P 613,P 614,P 615,P 616,P 617,P 618,P 619,P 620,P 621,P 622,P 623,P 624,P 625,P 626,P 627,P 628,P 629,P 630,P 631,P 632,P 633,P 634,P 635,P 636,P 637,P 638,P 639,P 640,P 641,P 642,P 643,P 644,P 645,P 646,,,,,,,,
SKYBLUE,Pokemon Ranger (M),P 647,P 648,P 649,P 650,P 651,P 652,P 653,P 654,P 655,P 656,P 657,P 658,P 659,P 660,P 661,P 662,P 663,P 664,P 665,P 666,P 667,P 668,P 669,P 670,P 671,P 672,P 673,P 674,P 675,P 676,P 677,P 678,P 679,P 680,P 681,P 682,P 683,P 684,P 685,P 686,P 687,P 688,P 689,P 690,P 691,P 692,P 693,P 694,P 695,P 696,P 697,P 698,P 699,P 700,P 701,P 702,P 703,P 704,P 705,P 706,P 707,P 708,P 709,P 710,P 711,P 712,P 713,P 714,P 715,P 716,P 717,P 718,P 719,P 720,P 721,P 722,P 723,P 724,P 725,P 726,P 727,P 728,P 729,P 730,P 731,P 732,P 733,,,,,,,,,
SMOKEY,Pokemon Ranger (M),P 559,P 560,P 561,P 562,P 563,P 564,P 565,P 566,P 567,P 568,P 569,P 570,P 571,P 572,P 573,P 574,P 575,P 576,P 577,P 578,P 579,P 580,P 581,P 582,P 583,P 584,P 585,P 586,P 587,P 588,P 589,P 590,P 591,P 592,P 593,P 594,P 595,P 596,P 597,P 598,P 599,P 600,P 601,P 602,P 603,P 604,P 605,P 606,P 607,P 608,P 609,P 610,P 611,P 612,P 613,P 614,P 615,P 616,P 617,P 618,P 619,P 620,P 621,P 622,P 623,P 624,P 625,P 626,P 627,P 628,P 629,P 630,P 631,P 632,P 633,P 634,P 635,P 636,P 637,P 638,P 639,P 640,P 641,P 642,P 643,P 644,P 645,P 646,,,,,,,,
IVY,Pokemon Ranger (F),P 647,P 648,P 649,P 650,P 651,P 652,P 653,P 654,P 655,P 656,P 657,P 658,P 659,P 660,P 661,P 662,P 663,P 664,P 665,P 666,P 667,P 668,P 669,P 670,P 671,P 672,P 673,P 674,P 675,P 676,P 677,P 678,P 679,P 680,P 681,P 682,P 683,P 684,P 685,P 686,P 687,P 688,P 689,P 690,P 691,P 692,P 693,P 694,P 695,P 696,P 697,P 698,P 699,P 700,P 701,P 702,P 703,P 704,P 705,P 706,P 707,P 708,P 709,P 710,P 711,P 712,P 713,P 714,P 715,P 716,P 717,P 718,P 719,P 720,P 721,P 722,P 723,P 724,P 725,P 726,P 727,P 728,P 729,P 730,P 731,P 732,P 733,,,,,,,,,
PAULA,Pokemon Ranger (F),P 559,P 560,P 561,P 562,P 563,P 564,P 565,P 566,P 567,P 568,P 569,P 570,P 571,P 572,P 573,P 574,P 575,P 576,P 577,P 578,P 579,P 580,P 581,P 582,P 583,P 584,P 585,P 586,P 587,P 588,P 589,P 590,P 591,P 592,P 593,P 594,P 595,P 596,P 597,P 598,P 599,P 600,P 601,P 602,P 603,P 604,P 605,P 606,P 607,P 608,P 609,P 610,P 611,P 612,P 613,P 614,P 615,P 616,P 617,P 618,P 619,P 620,P 621,P 622,P 623,P 624,P 625,P 626,P 627,P 628,P 629,P 630,P 631,P 632,P 633,P 634,P 635,P 636,P 637,P 638,P 639,P 640,P 641,P 642,P 643,P 644,P 645,P 646,,,,,,,,
TERRAN,Pokemon Ranger (F),P 559,P 560,P 561,P 562,P 563,P 564,P 565,P 566,P 567,P 568,P 569,P 570,P 571,P 572,P 573,P 574,P 575,P 576,P 577,P 578,P 579,P 580,P 581,P 582,P 583,P 584,P 585,P 586,P 587,P 588,P 589,P 590,P 591,P 592,P 593,P 594,P 595,P 596,P 597,P 598,P 599,P 600,P 601,P 602,P 603,P 604,P 605,P 606,P 607,P 608,P 609,P 610,P 611,P 612,P 613,P 614,P 615,P 616,P 617,P 618,P 619,P 620,P 621,P 622,P 623,P 624,P 625,P 626,P 627,P 628,P 629,P 630,P 631,P 632,P 633,P 634,P 635,P 636,P 637,P 638,P 639,P 640,P 641,P 642,P 643,P 644,P 645,P 646,,,,,,,,
GWEN,Ace Trainer (F),P 823,P 824,P 826,P 828,P 829,P 830,P 835,P 836,P 839,P 840,P 842,P 843,P 844,P 845,P 846,P 847,P 848,P 849,P 850,P 851,P 852,P 853,P 854,P 855,P 856,P 857,P 858,P 859,P 860,P 861,P 862,P 863,P 864,P 865,P 866,P 867,P 868,P 869,P 870,P 871,P 873,P 875,P 876,P 877,P 878,P 879,P 880,P 881,P 882,P 883,P 884,P 885,P 886,P 887,P 888,P 889,P 890,P 891,P 892,P 893,P 894,P 897,P 899,P 900,P 901,P 903,P 904,P 905,P 906,P 907,,,,,,,,,,,,,,,,,,,,,,,,,,
MOOI,Ace Trainer (F),P 736,P 737,P 739,P 740,P 742,P 744,P 745,P 746,P 751,P 752,P 759,P 766,P 767,P 768,P 771,P 776,P 779,P 780,P 781,P 782,P 783,P 784,P 785,P 786,P 788,P 789,P 790,P 791,P 792,P 793,P 794,P 795,P 796,P 797,P 798,P 799,P 802,P 803,P 804,P 805,P 806,P 809,P 815,P 816,P 819,,,,,,,,,,,,,,,,,,,,,,,,,,,,,,,,,,,,,,,,,,,,,,,,,,,
PALM,Ace Trainer (F),P 309,P 326,P 418,P 447,P 554,P 578,P 617,P 671,P 681,P 718,P 752,P 767,P 789,P 791,P 796,P 890,P 900,P 976,,,,,,,,,,,,,,,,,,,,,,,,,,,,,,,,,,,,,,,,,,,,,,,,,,,,,,,,,,,,,,,,,,,,,,,,,,,,,,
DYLAN,Ace Trainer (M),P 736,P 737,P 739,P 740,P 742,P 744,P 745,P 746,P 751,P 752,P 759,P 766,P 767,P 768,P 771,P 776,P 779,P 780,P 781,P 782,P 783,P 784,P 785,P 786,P 788,P 789,P 790,P 791,P 792,P 793,P 794,P 795,P 796,P 797,P 798,P 799,P 802,P 803,P 804,P 805,P 806,P 809,P 815,P 816,P 819,,,,,,,,,,,,,,,,,,,,,,,,,,,,,,,,,,,,,,,,,,,,,,,,,,,
FARLEY,Ace Trainer (M),P 823,P 824,P 826,P 828,P 829,P 830,P 835,P 836,P 839,P 840,P 842,P 843,P 844,P 845,P 846,P 847,P 848,P 849,P 850,P 851,P 852,P 853,P 854,P 855,P 856,P 857,P 858,P 859,P 860,P 861,P 862,P 863,P 864,P 865,P 866,P 867,P 868,P 869,P 870,P 871,P 873,P 875,P 876,P 877,P 878,P 879,P 880,P 881,P 882,P 883,P 884,P 885,P 886,P 887,P 888,P 889,P 890,P 891,P 892,P 893,P 894,P 897,P 899,P 900,P 901,P 903,P 904,P 905,P 906,P 907,,,,,,,,,,,,,,,,,,,,,,,,,,
REIGEL,Ace Trainer (M),P 309,P 326,P 418,P 447,P 554,P 578,P 617,P 671,P 681,P 718,P 752,P 767,P 789,P 791,P 796,P 890,P 900,P 976,,,,,,,,,,,,,,,,,,,,,,,,,,,,,,,,,,,,,,,,,,,,,,,,,,,,,,,,,,,,,,,,,,,,,,,,,,,,,,
COLOMBO,Veteran (M),P 909,P 910,P 911,P 912,P 913,P 914,P 915,P 916,P 917,P 918,P 919,P 920,P 921,P 922,P 923,P 924,P 925,P 926,P 927,P 928,P 929,P 930,P 931,P 932,P 933,P 934,P 935,P 936,P 937,P 938,P 939,P 940,P 941,P 942,P 943,P 944,P 945,P 946,P 947,P 948,P 949,P 950,P 951,P 952,P 953,P 954,P 955,P 956,P 957,P 958,P 959,P 960,P 961,P 962,P 963,P 964,P 965,P 966,P 967,P 968,P 969,P 970,P 971,P 972,P 973,P 974,P 975,P 976,P 977,P 978,P 979,P 980,P 981,P 982,P 983,P 984,P 985,P 986,P 987,P 988,,,,,,,,,,,,,,,,
DONTA,Veteran (M),P 823,P 824,P 826,P 828,P 829,P 830,P 835,P 836,P 839,P 840,P 842,P 843,P 844,P 845,P 846,P 847,P 848,P 849,P 850,P 851,P 852,P 853,P 854,P 855,P 856,P 857,P 858,P 859,P 860,P 861,P 862,P 863,P 864,P 865,P 866,P 867,P 868,P 869,P 870,P 871,P 873,P 875,P 876,P 877,P 878,P 879,P 880,P 881,P 882,P 883,P 884,P 885,P 886,P 887,P 888,P 889,P 890,P 891,P 892,P 893,P 894,P 897,P 899,P 900,P 901,P 903,P 904,P 905,P 906,P 907,,,,,,,,,,,,,,,,,,,,,,,,,,
LERON,Veteran (M),P 909,P 910,P 911,P 912,P 913,P 914,P 915,P 916,P 917,P 918,P 919,P 920,P 921,P 922,P 923,P 924,P 925,P 926,P 927,P 928,P 929,P 930,P 931,P 932,P 933,P 934,P 935,P 936,P 937,P 938,P 939,P 940,P 941,P 942,P 943,P 944,P 945,P 946,P 947,P 948,P 949,P 950,P 951,P 952,P 953,P 954,P 955,P 956,P 957,P 958,P 959,P 960,P 961,P 962,P 963,P 964,P 965,P 966,P 967,P 968,P 969,P 970,P 971,P 972,P 973,P 974,P 975,P 976,P 977,P 978,P 979,P 980,P 981,P 982,P 983,P 984,P 985,P 986,P 987,P 988,,,,,,,,,,,,,,,,
PONTA,Veteran (M),P 823,P 824,P 826,P 828,P 829,P 830,P 835,P 836,P 839,P 840,P 842,P 843,P 844,P 845,P 846,P 847,P 848,P 849,P 850,P 851,P 852,P 853,P 854,P 855,P 856,P 857,P 858,P 859,P 860,P 861,P 862,P 863,P 864,P 865,P 866,P 867,P 868,P 869,P 870,P 871,P 873,P 875,P 876,P 877,P 878,P 879,P 880,P 881,P 882,P 883,P 884,P 885,P 886,P 887,P 888,P 889,P 890,P 891,P 892,P 893,P 894,P 897,P 899,P 900,P 901,P 903,P 904,P 905,P 906,P 907,,,,,,,,,,,,,,,,,,,,,,,,,,
GINGER,Veteran (F),P 822,P 823,P 824,P 825,P 826,P 827,P 828,P 829,P 830,P 831,P 832,P 833,P 834,P 835,P 836,P 837,P 838,P 839,P 840,P 841,P 842,P 843,P 844,P 845,P 846,P 847,P 848,P 849,P 850,P 851,P 852,P 853,P 854,P 855,P 856,P 857,P 858,P 859,P 860,P 861,P 862,P 863,P 864,P 865,P 866,P 867,P 868,P 869,P 870,P 871,P 872,P 873,P 874,P 875,P 876,P 877,P 878,P 879,P 880,P 881,P 882,P 883,P 884,P 885,P 886,P 887,P 888,P 889,P 890,P 891,P 892,P 893,P 894,P 895,P 896,P 897,P 898,P 899,P 900,P 901,P 902,P 903,P 904,P 905,P 906,P 907,P 908,,,,,,,,,
HECATE,Veteran (F),P 822,P 823,P 824,P 825,P 826,P 827,P 828,P 829,P 830,P 831,P 832,P 833,P 834,P 835,P 836,P 837,P 838,P 839,P 840,P 841,P 842,P 843,P 844,P 845,P 846,P 847,P 848,P 849,P 850,P 851,P 852,P 853,P 854,P 855,P 856,P 857,P 858,P 859,P 860,P 861,P 862,P 863,P 864,P 865,P 866,P 867,P 868,P 869,P 870,P 871,P 872,P 873,P 874,P 875,P 876,P 877,P 878,P 879,P 880,P 881,P 882,P 883,P 884,P 885,P 886,P 887,P 888,P 889,P 890,P 891,P 892,P 893,P 894,P 895,P 896,P 897,P 898,P 899,P 900,P 901,P 902,P 903,P 904,P 905,P 906,P 907,P 908,,,,,,,,,
JEUNE,Veteran (F),P 909,P 910,P 911,P 912,P 913,P 914,P 915,P 916,P 917,P 918,P 919,P 920,P 921,P 922,P 923,P 924,P 925,P 926,P 927,P 928,P 929,P 930,P 931,P 932,P 933,P 934,P 935,P 936,P 937,P 938,P 939,P 940,P 941,P 942,P 943,P 944,P 945,P 946,P 947,P 948,P 949,P 950,P 951,P 952,P 953,P 954,P 955,P 956,P 957,P 958,P 959,P 960,P 961,P 962,P 963,P 964,P 965,P 966,P 967,P 968,P 969,P 970,P 971,P 972,P 973,P 974,P 975,P 976,P 977,P 978,P 979,P 980,P 981,P 982,P 983,P 984,P 985,P 986,P 987,P 988,,,,,,,,,,,,,,,,
RISHA,Veteran (F),P 909,P 910,P 911,P 912,P 913,P 914,P 915,P 916,P 917,P 918,P 919,P 920,P 921,P 922,P 923,P 924,P 925,P 926,P 927,P 928,P 929,P 930,P 931,P 932,P 933,P 934,P 935,P 936,P 937,P 938,P 939,P 940,P 941,P 942,P 943,P 944,P 945,P 946,P 947,P 948,P 949,P 950,P 951,P 952,P 953,P 954,P 955,P 956,P 957,P 958,P 959,P 960,P 961,P 962,P 963,P 964,P 965,P 966,P 967,P 968,P 969,P 970,P 971,P 972,P 973,P 974,P 975,P 976,P 977,P 978,P 979,P 980,P 981,P 982,P 983,P 984,P 985,P 986,P 987,P 988,,,,,,,,,,,,,,,,
CEDRIC,Backpacker (M),P 209,P 210,P 211,P 212,P 213,P 214,P 215,P 216,P 217,P 218,P 219,P 220,P 221,P 222,P 223,P 224,P 225,P 226,P 227,P 228,P 229,P 230,P 231,P 232,P 233,P 234,P 235,P 236,P 237,P 238,P 239,P 240,P 241,P 242,P 243,P 244,P 245,P 246,P 247,P 248,P 249,P 250,P 251,P 252,P 253,P 254,P 255,P 256,P 257,P 258,P 259,P 260,P 261,P 262,P 263,P 264,P 265,P 266,P 267,P 268,P 269,P 270,P 271,P 272,P 273,P 274,P 275,P 276,P 277,P 278,P 279,P 280,P 281,P 282,P 283,P 284,P 285,P 286,P 287,P 288,P 289,P 290,P 291,P 292,P 293,P 294,P 295,P 296,,,,,,,,
FELTON,Backpacker (M),P 297,P 298,P 299,P 300,P 301,P 302,P 303,P 304,P 305,P 306,P 307,P 308,P 309,P 310,P 311,P 312,P 313,P 314,P 315,P 316,P 317,P 318,P 319,P 320,P 321,P 322,P 323,P 324,P 325,P 326,P 327,P 328,P 329,P 330,P 331,P 332,P 333,P 334,P 335,P 336,P 337,P 338,P 339,P 340,P 341,P 342,P 343,P 344,P 345,P 346,P 347,P 348,P 349,P 350,P 351,P 352,P 353,P 354,P 355,P 356,P 357,P 358,P 359,P 360,P 361,P 362,P 363,P 364,P 365,P 366,P 367,P 368,P 369,P 370,P 371,P 372,P 373,P 374,P 375,P 376,P 377,P 378,P 379,P 380,P 381,P 382,P 383,,,,,,,,,
SIMONE,Backpacker (F),P 209,P 210,P 211,P 212,P 213,P 214,P 215,P 216,P 217,P 218,P 219,P 220,P 221,P 222,P 223,P 224,P 225,P 226,P 227,P 228,P 229,P 230,P 231,P 232,P 233,P 234,P 235,P 236,P 237,P 238,P 239,P 240,P 241,P 242,P 243,P 244,P 245,P 246,P 247,P 248,P 249,P 250,P 251,P 252,P 253,P 254,P 255,P 256,P 257,P 258,P 259,P 260,P 261,P 262,P 263,P 264,P 265,P 266,P 267,P 268,P 269,P 270,P 271,P 272,P 273,P 274,P 275,P 276,P 277,P 278,P 279,P 280,P 281,P 282,P 283,P 284,P 285,P 286,P 287,P 288,P 289,P 290,P 291,P 292,P 293,P 294,P 295,P 296,,,,,,,,
WALD,Backpacker (F),P 297,P 298,P 299,P 300,P 301,P 302,P 303,P 304,P 305,P 306,P 307,P 308,P 309,P 310,P 311,P 312,P 313,P 314,P 315,P 316,P 317,P 318,P 319,P 320,P 321,P 322,P 323,P 324,P 325,P 326,P 327,P 328,P 329,P 330,P 331,P 332,P 333,P 334,P 335,P 336,P 337,P 338,P 339,P 340,P 341,P 342,P 343,P 344,P 345,P 346,P 347,P 348,P 349,P 350,P 351,P 352,P 353,P 354,P 355,P 356,P 357,P 358,P 359,P 360,P 361,P 362,P 363,P 364,P 365,P 366,P 367,P 368,P 369,P 370,P 371,P 372,P 373,P 374,P 375,P 376,P 377,P 378,P 379,P 380,P 381,P 382,P 383,,,,,,,,,
GONYAN,Waiter,P 472,P 473,P 474,P 475,P 476,P 477,P 478,P 479,P 480,P 481,P 482,P 483,P 484,P 485,P 486,P 487,P 488,P 489,P 490,P 491,P 492,P 493,P 494,P 495,P 496,P 497,P 498,P 499,P 500,P 501,P 502,P 503,P 504,P 505,P 506,P 507,P 508,P 509,P 510,P 511,P 512,P 513,P 514,P 515,P 516,P 517,P 518,P 519,P 520,P 521,P 522,P 523,P 524,P 525,P 526,P 527,P 528,P 529,P 530,P 531,P 532,P 533,P 534,P 535,P 536,P 537,P 538,P 539,P 540,P 541,P 542,P 543,P 544,P 545,P 546,P 547,P 548,P 549,P 550,P 551,P 552,P 553,P 554,P 555,P 556,P 557,P 558,,,,,,,,,
HASAN,Waiter,P 384,P 385,P 386,P 387,P 388,P 389,P 390,P 391,P 392,P 393,P 394,P 395,P 396,P 397,P 398,P 399,P 400,P 401,P 402,P 403,P 404,P 405,P 406,P 407,P 408,P 409,P 410,P 411,P 412,P 413,P 414,P 415,P 416,P 417,P 418,P 419,P 420,P 421,P 422,P 423,P 424,P 425,P 426,P 427,P 428,P 429,P 430,P 431,P 432,P 433,P 434,P 435,P 436,P 437,P 438,P 439,P 440,P 441,P 442,P 443,P 444,P 445,P 446,P 447,P 448,P 449,P 450,P 451,P 452,P 453,P 454,P 455,P 456,P 457,P 458,P 459,P 460,P 461,P 462,P 463,P 464,P 465,P 466,P 467,P 468,P 469,P 470,P 471,,,,,,,,
AMBER,Waitress,P 384,P 385,P 386,P 387,P 388,P 389,P 390,P 391,P 392,P 393,P 394,P 395,P 396,P 397,P 398,P 399,P 400,P 401,P 402,P 403,P 404,P 405,P 406,P 407,P 408,P 409,P 410,P 411,P 412,P 413,P 414,P 415,P 416,P 417,P 418,P 419,P 420,P 421,P 422,P 423,P 424,P 425,P 426,P 427,P 428,P 429,P 430,P 431,P 432,P 433,P 434,P 435,P 436,P 437,P 438,P 439,P 440,P 441,P 442,P 443,P 444,P 445,P 446,P 447,P 448,P 449,P 450,P 451,P 452,P 453,P 454,P 455,P 456,P 457,P 458,P 459,P 460,P 461,P 462,P 463,P 464,P 465,P 466,P 467,P 468,P 469,P 470,P 471,,,,,,,,
ROE,Waitress,P 472,P 473,P 474,P 475,P 476,P 477,P 478,P 479,P 480,P 481,P 482,P 483,P 484,P 485,P 486,P 487,P 488,P 489,P 490,P 491,P 492,P 493,P 494,P 495,P 496,P 497,P 498,P 499,P 500,P 501,P 502,P 503,P 504,P 505,P 506,P 507,P 508,P 509,P 510,P 511,P 512,P 513,P 514,P 515,P 516,P 517,P 518,P 519,P 520,P 521,P 522,P 523,P 524,P 525,P 526,P 527,P 528,P 529,P 530,P 531,P 532,P 533,P 534,P 535,P 536,P 537,P 538,P 539,P 540,P 541,P 542,P 543,P 544,P 545,P 546,P 547,P 548,P 549,P 550,P 551,P 552,P 553,P 554,P 555,P 556,P 557,P 558,,,,,,,,,
JORGE,Hiker,P 217,P 218,P 224,P 225,P 227,P 236,P 243,P 260,P 262,P 282,P 283,P 295,P 307,P 309,P 320,P 321,P 322,P 324,P 337,P 348,P 356,P 360,P 381,P 392,P 393,P 399,P 400,P 402,P 411,P 418,P 435,P 437,P 457,P 458,P 470,P 482,P 484,P 495,P 496,P 497,P 499,P 512,P 523,P 531,P 535,P 556,P 567,P 568,P 574,P 575,P 577,P 586,P 593,P 610,P 612,P 632,P 633,P 645,P 657,P 659,P 670,P 671,P 672,P 674,P 687,P 698,P 706,P 710,P 731,P 742,P 743,P 749,P 750,P 752,P 761,P 768,P 785,P 787,P 807,P 808,P 820,P 832,P 834,P 845,P 846,P 847,P 849,P 862,P 873,P 881,P 885,P 906,,,,
KEMUEL,Hiker,P 262,P 284,P 285,P 286,P 287,P 290,P 315,P 318,P 329,P 349,P 354,P 360,P 376,P 378,P 437,P 459,P 460,P 461,P 462,P 465,P 490,P 493,P 504,P 524,P 529,P 535,P 551,P 553,P 612,P 634,P 635,P 636,P 637,P 640,P 665,P 668,P 679,P 699,P 704,P 710,P 726,P 728,P 787,P 809,P 810,P 811,P 812,P 815,P 840,P 843,P 854,P 874,P 879,P 885,P 901,P 903,,,,,,,,,,,,,,,,,,,,,,,,,,,,,,,,,,,,,,,,
FIRD,Fisherman,P 561,P 564,P 567,P 570,P 573,P 577,P 581,P 586,P 590,P 593,P 601,P 613,P 624,P 638,P 640,P 645,P 646,P 651,P 658,P 678,P 686,P 690,P 705,P 707,P 713,P 715,P 717,P 719,P 736,P 739,P 742,P 745,P 748,P 752,P 756,P 761,P 765,P 768,P 776,P 788,P 799,P 813,P 815,P 820,P 821,P 826,P 833,P 853,P 861,P 865,P 880,P 882,P 888,P 890,P 892,P 894,,,,,,,,,,,,,,,,,,,,,,,,,,,,,,,,,,,,,,,,
HUMFREY,Fisherman,P 211,P 214,P 217,P 220,P 223,P 227,P 231,P 236,P 240,P 243,P 251,P 263,P 274,P 288,P 290,P 295,P 296,P 301,P 308,P 328,P 336,P 340,P 355,P 357,P 363,P 365,P 367,P 369,P 386,P 389,P 392,P 395,P 398,P 402,P 406,P 411,P 415,P 418,P 426,P 438,P 449,P 463,P 465,P 470,P 471,P 476,P 483,P 503,P 511,P 515,P 530,P 532,P 538,P 540,P 542,P 544,,,,,,,,,,,,,,,,,,,,,,,,,,,,,,,,,,,,,,,,
HILARY,Parasol Lady,P 243,P 251,P 288,P 295,P 340,P 357,P 367,P 369,P 426,P 463,P 468,P 470,P 516,P 532,P 542,P 570,P 581,P 586,P 590,P 593,P 601,P 613,P 614,P 638,P 640,P 645,P 678,P 686,P 691,P 705,P 707,P 717,P 745,P 765,P 766,P 775,P 776,P 788,P 799,P 813,P 820,P 825,P 861,P 865,P 892,P 894,,,,,,,,,,,,,,,,,,,,,,,,,,,,,,,,,,,,,,,,,,,,,,,,,,
VANNA,Parasol Lady,P 243,P 251,P 288,P 295,P 340,P 357,P 367,P 369,P 426,P 463,P 468,P 470,P 516,P 532,P 542,P 570,P 581,P 586,P 590,P 593,P 601,P 613,P 614,P 638,P 640,P 645,P 678,P 686,P 691,P 705,P 707,P 717,P 745,P 765,P 766,P 775,P 776,P 788,P 799,P 813,P 820,P 825,P 861,P 865,P 892,P 894,,,,,,,,,,,,,,,,,,,,,,,,,,,,,,,,,,,,,,,,,,,,,,,,,,
GANYMED,Roughneck,P 618,P 637,P 647,P 706,P 710,P 713,P 761,P 827,P 832,P 833,P 849,P 880,,,,,,,,,,,,,,,,,,,,,,,,,,,,,,,,,,,,,,,,,,,,,,,,,,,,,,,,,,,,,,,,,,,,,,,,,,,,,,,,,,,,
PROTEUS,Roughneck,P 618,P 637,P 647,P 706,P 710,P 713,P 761,P 827,P 832,P 833,P 849,P 880,,,,,,,,,,,,,,,,,,,,,,,,,,,,,,,,,,,,,,,,,,,,,,,,,,,,,,,,,,,,,,,,,,,,,,,,,,,,,,,,,,,,
PETRO,Biker,P 219,P 267,P 291,P 310,P 323,P 332,P 336,P 365,P 368,P 372,P 373,P 376,P 377,P 378,P 379,P 380,P 381,P 382,P 394,P 442,P 466,P 485,P 498,P 507,P 511,P 540,P 543,P 547,P 548,P 551,P 552,P 553,P 554,P 555,P 556,P 557,P 569,P 617,P 641,P 660,P 673,P 682,P 686,P 715,P 718,P 722,P 723,P 726,P 727,P 728,P 729,P 730,P 731,P 732,P 744,P 792,P 816,P 835,P 848,P 857,P 861,P 890,P 893,P 897,P 898,P 901,P 902,P 903,P 904,P 905,P 906,P 907,,,,,,,,,,,,,,,,,,,,,,,,
PHILIPO,Biker,P 219,P 267,P 291,P 310,P 323,P 332,P 336,P 365,P 368,P 372,P 373,P 376,P 377,P 378,P 379,P 380,P 381,P 382,P 394,P 442,P 466,P 485,P 498,P 507,P 511,P 540,P 543,P 547,P 548,P 551,P 552,P 553,P 554,P 555,P 556,P 557,P 569,P 617,P 641,P 660,P 673,P 682,P 686,P 715,P 718,P 722,P 723,P 726,P 727,P 728,P 729,P 730,P 731,P 732,P 744,P 792,P 816,P 835,P 848,P 857,P 861,P 890,P 893,P 897,P 898,P 901,P 902,P 903,P 904,P 905,P 906,P 907,,,,,,,,,,,,,,,,,,,,,,,,
JUDY,Baker,P 212,P 213,P 248,P 249,P 252,P 256,P 335,P 361,P 374,P 375,P 423,P 424,P 427,P 431,P 472,P 510,P 536,P 598,P 599,P 602,P 606,P 685,P 695,P 711,P 725,P 738,P 773,P 774,P 777,P 781,P 831,P 860,P 886,,,,,,,,,,,,,,,,,,,,,,,,,,,,,,,,,,,,,,,,,,,,,,,,,,,,,,,,,,,,,,,
VESPERA,Baker,P 212,P 213,P 248,P 249,P 252,P 256,P 335,P 361,P 374,P 375,P 423,P 424,P 427,P 431,P 472,P 510,P 536,P 598,P 599,P 602,P 606,P 685,P 695,P 711,P 725,P 738,P 773,P 774,P 777,P 781,P 831,P 860,P 886,,,,,,,,,,,,,,,,,,,,,,,,,,,,,,,,,,,,,,,,,,,,,,,,,,,,,,,,,,,,,,,
ARAMIS,Harlequin,P 252,P 274,P 310,P 378,P 400,P 402,P 445,P 454,P 470,P 494,P 525,P 583,P 587,P 609,P 785,P 787,P 788,P 811,P 835,P 843,P 844,P 847,P 860,P 873,P 875,P 885,,,,,,,,,,,,,,,,,,,,,,,,,,,,,,,,,,,,,,,,,,,,,,,,,,,,,,,,,,,,,,,,,,,,,,
ATHOS,Harlequin,P 252,P 274,P 310,P 378,P 400,P 402,P 445,P 454,P 470,P 494,P 525,P 583,P 587,P 609,P 785,P 787,P 788,P 811,P 835,P 843,P 844,P 847,P 860,P 873,P 875,P 885,,,,,,,,,,,,,,,,,,,,,,,,,,,,,,,,,,,,,,,,,,,,,,,,,,,,,,,,,,,,,,,,,,,,,,
ANGUILE,Maid,P 209,P 210,P 211,P 212,P 213,P 214,P 215,P 216,P 217,P 218,P 219,P 220,P 221,P 222,P 223,P 384,P 385,P 386,P 387,P 388,P 389,P 390,P 391,P 392,P 393,P 394,P 395,P 396,P 397,P 398,P 559,P 560,P 561,P 562,P 563,P 564,P 565,P 566,P 567,P 568,P 569,P 570,P 571,P 572,P 573,P 734,P 735,P 736,P 737,P 738,P 739,P 740,P 741,P 742,P 743,P 744,P 745,P 746,P 747,P 748,,,,,,,,,,,,,,,,,,,,,,,,,,,,,,,,,,,,
FESAN,Maid,P 209,P 210,P 211,P 212,P 213,P 214,P 215,P 216,P 217,P 218,P 219,P 220,P 221,P 222,P 223,P 384,P 385,P 386,P 387,P 388,P 389,P 390,P 391,P 392,P 393,P 394,P 395,P 396,P 397,P 398,P 559,P 560,P 561,P 562,P 563,P 564,P 565,P 566,P 567,P 568,P 569,P 570,P 571,P 572,P 573,P 734,P 735,P 736,P 737,P 738,P 739,P 740,P 741,P 742,P 743,P 744,P 745,P 746,P 747,P 748,,,,,,,,,,,,,,,,,,,,,,,,,,,,,,,,,,,,
HACIKAN,Painter,P 233,P 267,P 294,P 309,P 310,P 330,P 336,P 338,P 349,P 359,P 362,P 380,P 408,P 442,P 469,P 484,P 485,P 505,P 511,P 513,P 524,P 534,P 537,P 555,P 583,P 617,P 644,P 659,P 660,P 680,P 686,P 688,P 699,P 709,P 712,P 730,P 758,P 792,P 819,P 834,P 835,P 855,P 861,P 863,P 874,P 884,P 887,P 905,,,,,,,,,,,,,,,,,,,,,,,,,,,,,,,,,,,,,,,,,,,,,,,,
RIKKYU,Painter,P 233,P 267,P 294,P 309,P 310,P 330,P 336,P 338,P 349,P 359,P 362,P 380,P 408,P 442,P 469,P 484,P 485,P 505,P 511,P 513,P 524,P 534,P 537,P 555,P 583,P 617,P 644,P 659,P 660,P 680,P 686,P 688,P 699,P 709,P 712,P 730,P 758,P 792,P 819,P 834,P 835,P 855,P 861,P 863,P 874,P 884,P 887,P 905,,,,,,,,,,,,,,,,,,,,,,,,,,,,,,,,,,,,,,,,,,,,,,,,
CHACHI,Nursery Aide,P 340,P 341,P 342,P 343,P 344,P 345,P 346,P 515,P 516,P 517,P 518,P 519,P 520,P 521,P 690,P 691,P 692,P 693,P 694,P 695,P 696,P 865,P 866,P 867,P 868,P 869,P 870,P 871,,,,,,,,,,,,,,,,,,,,,,,,,,,,,,,,,,,,,,,,,,,,,,,,,,,,,,,,,,,,,,,,,,,,
EVELYN,Nursery Aide,P 340,P 341,P 342,P 343,P 344,P 345,P 346,P 515,P 516,P 517,P 518,P 519,P 520,P 521,P 690,P 691,P 692,P 693,P 694,P 695,P 696,P 865,P 866,P 867,P 868,P 869,P 870,P 871,,,,,,,,,,,,,,,,,,,,,,,,,,,,,,,,,,,,,,,,,,,,,,,,,,,,,,,,,,,,,,,,,,,,
ROMAN,Worker (Ice),P 240,P 255,P 346,P 352,P 355,P 356,P 363,P 430,P 456,P 521,P 527,P 530,P 531,P 538,P 579,P 605,P 618,P 631,P 696,P 702,P 705,P 706,P 713,P 754,P 780,P 793,P 806,P 871,P 877,P 880,P 881,P 888,,,,,,,,,,,,,,,,,,,,,,,,,,,,,,,,,,,,,,,,,,,,,,,,,,,,,,,,,,,,,,,,
VALERY,Worker (Ice),P 240,P 255,P 346,P 352,P 355,P 356,P 363,P 430,P 456,P 521,P 527,P 530,P 531,P 538,P 579,P 605,P 618,P 631,P 696,P 702,P 705,P 706,P 713,P 754,P 780,P 793,P 806,P 871,P 877,P 880,P 881,P 888,,,,,,,,,,,,,,,,,,,,,,,,,,,,,,,,,,,,,,,,,,,,,,,,,,,,,,,,,,,,,,,,
HAYES,Worker,P 218,P 272,P 315,P 320,P 348,P 378,P 381,P 484,P 493,P 495,P 523,P 553,P 593,P 634,P 637,P 668,P 670,P 679,P 698,P 728,P 749,P 812,P 840,P 845,P 873,P 903,P 915,P 927,P 979,,,,,,,,,,,,,,,,,,,,,,,,,,,,,,,,,,,,,,,,,,,,,,,,,,,,,,,,,,,,,,,,,,,
QUINN,Worker,P 218,P 272,P 315,P 320,P 348,P 378,P 381,P 484,P 493,P 495,P 523,P 553,P 593,P 634,P 668,P 670,P 698,P 728,P 749,P 840,P 845,P 873,P 903,,,,,,,,,,,,,,,,,,,,,,,,,,,,,,,,,,,,,,,,,,,,,,,,,,,,,,,,,,,,,,,,,,,,,,,,,
DANTE,Cyclist (M),P 559,P 560,P 561,P 562,P 563,P 564,P 565,P 566,P 567,P 568,P 569,P 570,P 571,P 572,P 573,P 574,P 575,P 576,P 577,P 578,P 579,P 580,P 581,P 582,P 583,P 584,P 585,P 586,P 587,P 588,P 589,P 590,P 591,P 592,P 593,P 594,P 595,P 596,P 597,P 598,P 599,P 600,P 601,P 602,P 603,P 604,P 605,P 606,P 607,P 608,P 609,P 610,P 611,P 612,P 613,P 614,P 615,P 616,P 617,P 618,P 619,P 620,P 621,P 622,P 623,P 624,P 625,P 626,P 627,P 628,P 629,P 630,P 631,P 632,P 633,P 634,P 635,P 636,P 637,P 638,P 639,P 640,P 641,P 642,P 643,P 644,P 645,P 646,,,,,,,,
MARION,Cyclist (M),P 559,P 560,P 561,P 562,P 563,P 564,P 565,P 566,P 567,P 568,P 569,P 570,P 571,P 572,P 573,P 574,P 575,P 576,P 577,P 578,P 579,P 580,P 581,P 582,P 583,P 584,P 585,P 586,P 587,P 588,P 589,P 590,P 591,P 592,P 593,P 594,P 595,P 596,P 597,P 598,P 599,P 600,P 601,P 602,P 603,P 604,P 605,P 606,P 607,P 608,P 609,P 610,P 611,P 612,P 613,P 614,P 615,P 616,P 617,P 618,P 619,P 620,P 621,P 622,P 623,P 624,P 625,P 626,P 627,P 628,P 629,P 630,P 631,P 632,P 633,P 634,P 635,P 636,P 637,P 638,P 639,P 640,P 641,P 642,P 643,P 644,P 645,P 646,,,,,,,,
BIRGIT,Cyclist (F),P 559,P 560,P 561,P 562,P 563,P 564,P 565,P 566,P 567,P 568,P 569,P 570,P 571,P 572,P 573,P 574,P 575,P 576,P 577,P 578,P 579,P 580,P 581,P 582,P 583,P 584,P 585,P 586,P 587,P 588,P 589,P 590,P 591,P 592,P 593,P 594,P 595,P 596,P 597,P 598,P 599,P 600,P 601,P 602,P 603,P 604,P 605,P 606,P 607,P 608,P 609,P 610,P 611,P 612,P 613,P 614,P 615,P 616,P 617,P 618,P 619,P 620,P 621,P 622,P 623,P 624,P 625,P 626,P 627,P 628,P 629,P 630,P 631,P 632,P 633,P 634,P 635,P 636,P 637,P 638,P 639,P 640,P 641,P 642,P 643,P 644,P 645,P 646,,,,,,,,
MARGIT,Cyclist (F),P 559,P 560,P 561,P 562,P 563,P 564,P 565,P 566,P 567,P 568,P 569,P 570,P 571,P 572,P 573,P 574,P 575,P 576,P 577,P 578,P 579,P 580,P 581,P 582,P 583,P 584,P 585,P 586,P 587,P 588,P 589,P 590,P 591,P 592,P 593,P 594,P 595,P 596,P 597,P 598,P 599,P 600,P 601,P 602,P 603,P 604,P 605,P 606,P 607,P 608,P 609,P 610,P 611,P 612,P 613,P 614,P 615,P 616,P 617,P 618,P 619,P 620,P 621,P 622,P 623,P 624,P 625,P 626,P 627,P 628,P 629,P 630,P 631,P 632,P 633,P 634,P 635,P 636,P 637,P 638,P 639,P 640,P 641,P 642,P 643,P 644,P 645,P 646,,,,,,,,
BANK,Clerk (M),P 647,P 648,P 649,P 650,P 651,P 652,P 653,P 654,P 655,P 656,P 657,P 658,P 659,P 660,P 661,P 662,P 663,P 664,P 665,P 666,P 667,P 668,P 669,P 670,P 671,P 672,P 673,P 674,P 675,P 676,P 677,P 678,P 679,P 680,P 681,P 682,P 683,P 684,P 685,P 686,P 687,P 688,P 689,P 690,P 691,P 692,P 693,P 694,P 695,P 696,P 697,P 698,P 699,P 700,P 701,P 702,P 703,P 704,P 705,P 706,P 707,P 708,P 709,P 710,P 711,P 712,P 713,P 714,P 715,P 716,P 717,P 718,P 719,P 720,P 721,P 722,P 723,P 724,P 725,P 726,P 727,P 728,P 729,P 730,P 731,P 732,P 733,,,,,,,,,
ELWIN,Clerk (M),P 647,P 648,P 649,P 650,P 651,P 652,P 653,P 654,P 655,P 656,P 657,P 658,P 659,P 660,P 661,P 662,P 663,P 664,P 665,P 666,P 667,P 668,P 669,P 670,P 671,P 672,P 673,P 674,P 675,P 676,P 677,P 678,P 679,P 680,P 681,P 682,P 683,P 684,P 685,P 686,P 687,P 688,P 689,P 690,P 691,P 692,P 693,P 694,P 695,P 696,P 697,P 698,P 699,P 700,P 701,P 702,P 703,P 704,P 705,P 706,P 707,P 708,P 709,P 710,P 711,P 712,P 713,P 714,P 715,P 716,P 717,P 718,P 719,P 720,P 721,P 722,P 723,P 724,P 725,P 726,P 727,P 728,P 729,P 730,P 731,P 732,P 733,,,,,,,,,
BOBEMON,Policeman,P 209,P 238,P 240,P 246,P 251,P 267,P 272,P 281,P 316,P 326,P 344,P 350,P 361,P 368,P 377,P 431,P 484,P 544,P 593,P 598,P 601,P 606,P 613,P 617,P 634,P 637,P 658,P 690,P 700,P 718,P 734,P 737,P 740,P 743,P 749,P 752,P 753,P 757,P 759,P 768,P 772,P 776,P 781,P 784,P 789,P 791,P 796,P 797,P 809,P 840,P 843,P 851,P 864,P 893,P 894,,,,,,,,,,,,,,,,,,,,,,,,,,,,,,,,,,,,,,,,,
BOBNORI,Policeman,P 209,P 238,P 240,P 246,P 251,P 267,P 272,P 281,P 316,P 326,P 344,P 350,P 361,P 368,P 377,P 431,P 484,P 544,P 593,P 598,P 601,P 606,P 613,P 617,P 634,P 637,P 658,P 690,P 700,P 718,P 734,P 737,P 740,P 743,P 749,P 752,P 753,P 757,P 759,P 768,P 772,P 776,P 781,P 784,P 789,P 791,P 796,P 797,P 809,P 840,P 843,P 851,P 864,P 893,P 894,,,,,,,,,,,,,,,,,,,,,,,,,,,,,,,,,,,,,,,,,
ERIC,Janitor,P 212,P 232,P 237,P 250,P 270,P 275,P 281,P 282,P 301,P 315,P 335,P 340,P 341,P 346,P 373,P 426,P 427,P 465,P 485,P 487,P 507,P 508,P 512,P 552,P 560,P 562,P 563,P 570,P 581,P 586,P 590,P 605,P 628,P 631,P 639,P 694,P 745,P 754,P 755,P 760,P 775,P 780,P 806,P 835,P 853,P 871,P 872,P 877,P 892,P 898,P 949,P 953,P 954,P 966,P 969,P 970,P 971,P 974,P 982,,,,,,,,,,,,,,,,,,,,,,,,,,,,,,,,,,,,,
OSCAR,Janitor,P 212,P 232,P 237,P 250,P 270,P 275,P 281,P 282,P 301,P 315,P 335,P 340,P 341,P 346,P 373,P 426,P 427,P 465,P 485,P 487,P 507,P 508,P 512,P 552,P 560,P 562,P 563,P 570,P 581,P 586,P 590,P 605,P 628,P 631,P 639,P 694,P 745,P 754,P 755,P 760,P 775,P 780,P 806,P 835,P 853,P 871,P 872,P 877,P 892,P 898,P 949,P 953,P 954,P 966,P 969,P 970,P 971,P 974,P 982,,,,,,,,,,,,,,,,,,,,,,,,,,,,,,,,,,,,,
ISADORE,Depot Agent,P 239,P 241,P 250,P 261,P 293,P 338,P 341,P 347,P 370,P 414,P 416,P 425,P 436,P 468,P 513,P 516,P 522,P 545,P 581,P 591,P 600,P 611,P 643,P 688,P 691,P 697,P 720,P 764,P 766,P 775,P 786,P 818,P 863,P 866,P 872,P 895,,,,,,,,,,,,,,,,,,,,,,,,,,,,,,,,,,,,,,,,,,,,,,,,,,,,,,,,,,,,
RAMSES,Depot Agent,P 239,P 241,P 250,P 261,P 293,P 338,P 341,P 347,P 370,P 414,P 416,P 425,P 436,P 468,P 513,P 516,P 522,P 545,P 581,P 591,P 600,P 611,P 643,P 688,P 691,P 697,P 720,P 764,P 766,P 775,P 786,P 818,P 863,P 866,P 872,P 895,,,,,,,,,,,,,,,,,,,,,,,,,,,,,,,,,,,,,,,,,,,,,,,,,,,,,,,,,,,,
ANETTE,Clerk (F),P 647,P 648,P 649,P 650,P 651,P 652,P 653,P 654,P 655,P 656,P 657,P 658,P 659,P 660,P 661,P 662,P 663,P 664,P 665,P 666,P 667,P 668,P 669,P 670,P 671,P 672,P 673,P 674,P 675,P 676,P 677,P 678,P 679,P 680,P 681,P 682,P 683,P 684,P 685,P 686,P 687,P 688,P 689,P 690,P 691,P 692,P 693,P 694,P 695,P 696,P 697,P 698,P 699,P 700,P 701,P 702,P 703,P 704,P 705,P 706,P 707,P 708,P 709,P 710,P 711,P 712,P 713,P 714,P 715,P 716,P 717,P 718,P 719,P 720,P 721,P 722,P 723,P 724,P 725,P 726,P 727,P 728,P 729,P 730,P 731,P 732,P 733,,,,,,,,,
ANORA,Clerk (F),P 647,P 648,P 649,P 650,P 651,P 652,P 653,P 654,P 655,P 656,P 657,P 658,P 659,P 660,P 661,P 662,P 663,P 664,P 665,P 666,P 667,P 668,P 669,P 670,P 671,P 672,P 673,P 674,P 675,P 676,P 677,P 678,P 679,P 680,P 681,P 682,P 683,P 684,P 685,P 686,P 687,P 688,P 689,P 690,P 691,P 692,P 693,P 694,P 695,P 696,P 697,P 698,P 699,P 700,P 701,P 702,P 703,P 704,P 705,P 706,P 707,P 708,P 709,P 710,P 711,P 712,P 713,P 714,P 715,P 716,P 717,P 718,P 719,P 720,P 721,P 722,P 723,P 724,P 725,P 726,P 727,P 728,P 729,P 730,P 731,P 732,P 733,,,,,,,,,
DWIGHT,Doctor,P 734,P 735,P 736,P 737,P 738,P 739,P 740,P 741,P 742,P 743,P 744,P 745,P 746,P 747,P 748,P 749,P 750,P 751,P 752,P 753,P 754,P 755,P 756,P 757,P 758,P 759,P 760,P 761,P 762,P 763,P 764,P 765,P 766,P 767,P 768,P 769,P 770,P 771,P 772,P 773,P 774,P 775,P 776,P 777,P 778,P 779,P 780,P 781,P 782,P 783,P 784,P 785,P 786,P 787,P 788,P 789,P 790,P 791,P 792,P 793,P 794,P 795,P 796,P 797,P 798,P 799,P 800,P 801,P 802,P 803,P 804,P 805,P 806,P 807,P 808,P 809,P 810,P 811,P 812,P 813,P 814,P 815,P 816,P 817,P 818,P 819,P 820,P 821,,,,,,,,
LEVANT,Doctor,P 734,P 735,P 736,P 737,P 738,P 739,P 740,P 741,P 742,P 743,P 744,P 745,P 746,P 747,P 748,P 749,P 750,P 751,P 752,P 753,P 754,P 755,P 756,P 757,P 758,P 759,P 760,P 761,P 762,P 763,P 764,P 765,P 766,P 767,P 768,P 769,P 770,P 771,P 772,P 773,P 774,P 775,P 776,P 777,P 778,P 779,P 780,P 781,P 782,P 783,P 784,P 785,P 786,P 787,P 788,P 789,P 790,P 791,P 792,P 793,P 794,P 795,P 796,P 797,P 798,P 799,P 800,P 801,P 802,P 803,P 804,P 805,P 806,P 807,P 808,P 809,P 810,P 811,P 812,P 813,P 814,P 815,P 816,P 817,P 818,P 819,P 820,P 821,,,,,,,,
PANARAT,Nurse,P 734,P 735,P 736,P 737,P 738,P 739,P 740,P 741,P 742,P 743,P 744,P 745,P 746,P 747,P 748,P 749,P 750,P 751,P 752,P 753,P 754,P 755,P 756,P 757,P 758,P 759,P 760,P 761,P 762,P 763,P 764,P 765,P 766,P 767,P 768,P 769,P 770,P 771,P 772,P 773,P 774,P 775,P 776,P 777,P 778,P 779,P 780,P 781,P 782,P 783,P 784,P 785,P 786,P 787,P 788,P 789,P 790,P 791,P 792,P 793,P 794,P 795,P 796,P 797,P 798,P 799,P 800,P 801,P 802,P 803,P 804,P 805,P 806,P 807,P 808,P 809,P 810,P 811,P 812,P 813,P 814,P 815,P 816,P 817,P 818,P 819,P 820,P 821,,,,,,,,
SAISUNE,Nurse,P 734,P 735,P 736,P 737,P 738,P 739,P 740,P 741,P 742,P 743,P 744,P 745,P 746,P 747,P 748,P 749,P 750,P 751,P 752,P 753,P 754,P 755,P 756,P 757,P 758,P 759,P 760,P 761,P 762,P 763,P 764,P 765,P 766,P 767,P 768,P 769,P 770,P 771,P 772,P 773,P 774,P 775,P 776,P 777,P 778,P 779,P 780,P 781,P 782,P 783,P 784,P 785,P 786,P 787,P 788,P 789,P 790,P 791,P 792,P 793,P 794,P 795,P 796,P 797,P 798,P 799,P 800,P 801,P 802,P 803,P 804,P 805,P 806,P 807,P 808,P 809,P 810,P 811,P 812,P 813,P 814,P 815,P 816,P 817,P 818,P 819,P 820,P 821,,,,,,,,
EOIN,Pokemon Breeder (M),P 822,P 823,P 824,P 825,P 826,P 827,P 828,P 829,P 830,P 831,P 832,P 833,P 834,P 835,P 836,P 837,P 838,P 839,P 840,P 841,P 842,P 843,P 844,P 845,P 846,P 847,P 848,P 849,P 850,P 851,P 852,P 853,P 854,P 855,P 856,P 857,P 858,P 859,P 860,P 861,P 862,P 863,P 864,P 865,P 866,P 867,P 868,P 869,P 870,P 871,P 872,P 873,P 874,P 875,P 876,P 877,P 878,P 879,P 880,P 881,P 882,P 883,P 884,P 885,P 886,P 887,P 888,P 889,P 890,P 891,P 892,P 893,P 894,P 895,P 896,P 897,P 898,P 899,P 900,P 901,P 902,P 903,P 904,P 905,P 906,P 907,P 908,,,,,,,,,
MANFORD,Pokemon Breeder (M),P 822,P 823,P 824,P 825,P 826,P 827,P 828,P 829,P 830,P 831,P 832,P 833,P 834,P 835,P 836,P 837,P 838,P 839,P 840,P 841,P 842,P 843,P 844,P 845,P 846,P 847,P 848,P 849,P 850,P 851,P 852,P 853,P 854,P 855,P 856,P 857,P 858,P 859,P 860,P 861,P 862,P 863,P 864,P 865,P 866,P 867,P 868,P 869,P 870,P 871,P 872,P 873,P 874,P 875,P 876,P 877,P 878,P 879,P 880,P 881,P 882,P 883,P 884,P 885,P 886,P 887,P 888,P 889,P 890,P 891,P 892,P 893,P 894,P 895,P 896,P 897,P 898,P 899,P 900,P 901,P 902,P 903,P 904,P 905,P 906,P 907,P 908,,,,,,,,,
JANET,Pokemon Breeder (F),P 822,P 823,P 824,P 825,P 826,P 827,P 828,P 829,P 830,P 831,P 832,P 833,P 834,P 835,P 836,P 837,P 838,P 839,P 840,P 841,P 842,P 843,P 844,P 845,P 846,P 847,P 848,P 849,P 850,P 851,P 852,P 853,P 854,P 855,P 856,P 857,P 858,P 859,P 860,P 861,P 862,P 863,P 864,P 865,P 866,P 867,P 868,P 869,P 870,P 871,P 872,P 873,P 874,P 875,P 876,P 877,P 878,P 879,P 880,P 881,P 882,P 883,P 884,P 885,P 886,P 887,P 888,P 889,P 890,P 891,P 892,P 893,P 894,P 895,P 896,P 897,P 898,P 899,P 900,P 901,P 902,P 903,P 904,P 905,P 906,P 907,P 908,,,,,,,,,
SHAWNA,Pokemon Breeder (F),P 822,P 823,P 824,P 825,P 826,P 827,P 828,P 829,P 830,P 831,P 832,P 833,P 834,P 835,P 836,P 837,P 838,P 839,P 840,P 841,P 842,P 843,P 844,P 845,P 846,P 847,P 848,P 849,P 850,P 851,P 852,P 853,P 854,P 855,P 856,P 857,P 858,P 859,P 860,P 861,P 862,P 863,P 864,P 865,P 866,P 867,P 868,P 869,P 870,P 871,P 872,P 873,P 874,P 875,P 876,P 877,P 878,P 879,P 880,P 881,P 882,P 883,P 884,P 885,P 886,P 887,P 888,P 889,P 890,P 891,P 892,P 893,P 894,P 895,P 896,P 897,P 898,P 899,P 900,P 901,P 902,P 903,P 904,P 905,P 906,P 907,P 908,,,,,,,,,
APARNA,Socialite,P 909,P 910,P 911,P 912,P 913,P 914,P 915,P 916,P 917,P 918,P 919,P 920,P 921,P 922,P 923,P 924,P 925,P 926,P 927,P 928,P 929,P 930,P 931,P 932,P 933,P 934,P 935,P 936,P 937,P 938,P 939,P 940,P 941,P 942,P 943,P 944,P 945,P 946,P 947,P 948,P 949,P 950,P 951,P 952,P 953,P 954,P 955,P 956,P 957,P 958,P 959,P 960,P 961,P 962,P 963,P 964,P 965,P 966,P 967,P 968,P 969,P 970,P 971,P 972,P 973,P 974,P 975,P 976,P 977,P 978,P 979,P 980,P 981,P 982,P 983,P 984,P 985,P 986,P 987,P 988,,,,,,,,,,,,,,,,
SATY,Socialite,P 909,P 910,P 911,P 912,P 913,P 914,P 915,P 916,P 917,P 918,P 919,P 920,P 921,P 922,P 923,P 924,P 925,P 926,P 927,P 928,P 929,P 930,P 931,P 932,P 933,P 934,P 935,P 936,P 937,P 938,P 939,P 940,P 941,P 942,P 943,P 944,P 945,P 946,P 947,P 948,P 949,P 950,P 951,P 952,P 953,P 954,P 955,P 956,P 957,P 958,P 959,P 960,P 961,P 962,P 963,P 964,P 965,P 966,P 967,P 968,P 969,P 970,P 971,P 972,P 973,P 974,P 975,P 976,P 977,P 978,P 979,P 980,P 981,P 982,P 983,P 984,P 985,P 986,P 987,P 988,,,,,,,,,,,,,,,,
CAMUS,Gentleman,P 909,P 910,P 911,P 912,P 913,P 914,P 915,P 916,P 917,P 918,P 919,P 920,P 921,P 922,P 923,P 924,P 925,P 926,P 927,P 928,P 929,P 930,P 931,P 932,P 933,P 934,P 935,P 936,P 937,P 938,P 939,P 940,P 941,P 942,P 943,P 944,P 945,P 946,P 947,P 948,P 949,P 950,P 951,P 952,P 953,P 954,P 955,P 956,P 957,P 958,P 959,P 960,P 961,P 962,P 963,P 964,P 965,P 966,P 967,P 968,P 969,P 970,P 971,P 972,P 973,P 974,P 975,P 976,P 977,P 978,P 979,P 980,P 981,P 982,P 983,P 984,P 985,P 986,P 987,P 988,,,,,,,,,,,,,,,,
KAVAN,Gentleman,P 909,P 910,P 911,P 912,P 913,P 914,P 915,P 916,P 917,P 918,P 919,P 920,P 921,P 922,P 923,P 924,P 925,P 926,P 927,P 928,P 929,P 930,P 931,P 932,P 933,P 934,P 935,P 936,P 937,P 938,P 939,P 940,P 941,P 942,P 943,P 944,P 945,P 946,P 947,P 948,P 949,P 950,P 951,P 952,P 953,P 954,P 955,P 956,P 957,P 958,P 959,P 960,P 961,P 962,P 963,P 964,P 965,P 966,P 967,P 968,P 969,P 970,P 971,P 972,P 973,P 974,P 975,P 976,P 977,P 978,P 979,P 980,P 981,P 982,P 983,P 984,P 985,P 986,P 987,P 988,,,,,,,,,,,,,,,,
ARTEMAS,Pilot,P 210,P 234,P 238,P 242,P 247,P 276,P 294,P 317,P 324,P 326,P 327,P 329,P 332,P 358,P 365,P 373,P 376,P 377,P 379,P 385,P 409,P 413,P 417,P 422,P 451,P 469,P 492,P 499,P 501,P 502,P 504,P 507,P 533,P 540,P 548,P 551,P 552,P 554,P 560,P 584,P 588,P 592,P 597,P 626,P 644,P 667,P 674,P 676,P 677,P 679,P 682,P 708,P 715,P 723,P 726,P 727,P 729,P 735,P 759,P 763,P 767,P 772,P 801,P 819,P 842,P 849,P 851,P 852,P 854,P 857,P 883,P 890,P 898,P 901,P 902,P 904,P 909,P 910,P 911,P 921,P 922,P 929,P 930,P 931,P 941,P 942,P 949,P 950,P 951,P 961,P 962,P 969,P 970,P 971,P 981,P 982
CHAND,Pilot,P 210,P 234,P 238,P 242,P 247,P 276,P 294,P 317,P 324,P 326,P 327,P 329,P 332,P 358,P 365,P 373,P 376,P 377,P 379,P 385,P 409,P 413,P 417,P 422,P 451,P 469,P 492,P 499,P 501,P 502,P 504,P 507,P 533,P 540,P 548,P 551,P 552,P 554,P 560,P 584,P 588,P 592,P 597,P 626,P 644,P 667,P 674,P 676,P 677,P 679,P 682,P 708,P 715,P 723,P 726,P 727,P 729,P 735,P 759,P 763,P 767,P 772,P 801,P 819,P 842,P 849,P 851,P 852,P 854,P 857,P 883,P 890,P 898,P 901,P 902,P 904,P 909,P 910,P 911,P 921,P 922,P 929,P 930,P 931,P 941,P 942,P 949,P 950,P 951,P 961,P 962,P 969,P 970,P 971,P 981,P 982
